id,name_ko,name_en,generation,height_m,weight_kg,type_primary,type_secondary,hp,attack,defense,special_attack,special_defense,speed,total_stats,capture_rate,base_happiness,is_legendary,is_mythical,growth_rate,abilities,sprite_url
1,이상해씨,bulbasaur,1,0.7,6.9,grass,poison,45,49,49,65,65,45,318,45,70,False,False,medium-slow,"overgrow, chlorophyll",https://raw.githubusercontent.com/PokeAPI/sprites/master/sprites/pokemon/other/official-artwork/1.png
2,이상해풀,ivysaur,1,1.0,13.0,grass,poison,60,62,63,80,80,60,405,45,70,False,False,medium-slow,"overgrow, chlorophyll",https://raw.githubusercontent.com/PokeAPI/sprites/master/sprites/pokemon/other/official-artwork/2.png
3,이상해꽃,venusaur,1,2.0,100.0,grass,poison,80,82,83,100,100,80,525,45,70,False,False,medium-slow,"overgrow, chlorophyll",https://raw.githubusercontent.com/PokeAPI/sprites/master/sprites/pokemon/other/official-artwork/3.png
4,파이리,charmander,1,0.6,8.5,fire,,39,52,43,60,50,65,309,45,70,False,False,medium-slow,"blaze, solar-power",https://raw.githubusercontent.com/PokeAPI/sprites/master/sprites/pokemon/other/official-artwork/4.png
5,리자드,charmeleon,1,1.1,19.0,fire,,58,64,58,80,65,80,405,45,70,False,False,medium-slow,"blaze, solar-power",https://raw.githubusercontent.com/PokeAPI/sprites/master/sprites/pokemon/other/official-artwork/5.png
6,리자몽,charizard,1,1.7,90.5,fire,flying,78,84,78,109,85,100,534,45,70,False,False,medium-slow,"blaze, solar-power",https://raw.githubusercontent.com/PokeAPI/sprites/master/sprites/pokemon/other/official-artwork/6.png
7,꼬부기,squirtle,1,0.5,9.0,water,,44,48,65,50,64,43,314,45,70,False,False,medium-slow,"torrent, rain-dish",https://raw.githubusercontent.com/PokeAPI/sprites/master/sprites/pokemon/other/official-artwork/7.png
8,어니부기,wartortle,1,1.0,22.5,water,,59,63,80,65,80,58,405,45,70,False,False,medium-slow,"torrent, rain-dish",https://raw.githubusercontent.com/PokeAPI/sprites/master/sprites/pokemon/other/official-artwork/8.png
9,거북왕,blastoise,1,1.6,85.5,water,,79,83,100,85,105,78,530,45,70,False,False,medium-slow,"torrent, rain-dish",https://raw.githubusercontent.com/PokeAPI/sprites/master/sprites/pokemon/other/official-artwork/9.png
10,캐터피,caterpie,1,0.3,2.9,bug,,45,30,35,20,20,45,195,255,70,False,False,medium,"shield-dust, run-away",https://raw.githubusercontent.com/PokeAPI/sprites/master/sprites/pokemon/other/official-artwork/10.png
11,단데기,metapod,1,0.7,9.9,bug,,50,20,55,25,25,30,205,120,70,False,False,medium,shed-skin,https://raw.githubusercontent.com/PokeAPI/sprites/master/sprites/pokemon/other/official-artwork/11.png
12,버터플,butterfree,1,1.1,32.0,bug,flying,60,45,50,90,80,70,395,45,70,False,False,medium,"compound-eyes, tinted-lens",https://raw.githubusercontent.com/PokeAPI/sprites/master/sprites/pokemon/other/official-artwork/12.png
13,뿔충이,weedle,1,0.3,3.2,bug,poison,40,35,30,20,20,50,195,255,70,False,False,medium,"shield-dust, run-away",https://raw.githubusercontent.com/PokeAPI/sprites/master/sprites/pokemon/other/official-artwork/13.png
14,딱충이,kakuna,1,0.6,10.0,bug,poison,45,25,50,25,25,35,205,120,70,False,False,medium,shed-skin,https://raw.githubusercontent.com/PokeAPI/sprites/master/sprites/pokemon/other/official-artwork/14.png
15,독침붕,beedrill,1,1.0,29.5,bug,poison,65,90,40,45,80,75,395,45,70,False,False,medium,"swarm, sniper",https://raw.githubusercontent.com/PokeAPI/sprites/master/sprites/pokemon/other/official-artwork/15.png
16,구구,pidgey,1,0.3,1.8,normal,flying,40,45,40,35,35,56,251,255,70,False,False,medium-slow,"keen-eye, tangled-feet, big-pecks",https://raw.githubusercontent.com/PokeAPI/sprites/master/sprites/pokemon/other/official-artwork/16.png
17,피죤,pidgeotto,1,1.1,30.0,normal,flying,63,60,55,50,50,71,349,120,70,False,False,medium-slow,"keen-eye, tangled-feet, big-pecks",https://raw.githubusercontent.com/PokeAPI/sprites/master/sprites/pokemon/other/official-artwork/17.png
18,피죤투,pidgeot,1,1.5,39.5,normal,flying,83,80,75,70,70,101,479,45,70,False,False,medium-slow,"keen-eye, tangled-feet, big-pecks",https://raw.githubusercontent.com/PokeAPI/sprites/master/sprites/pokemon/other/official-artwork/18.png
19,꼬렛,rattata,1,0.3,3.5,normal,,30,56,35,25,35,72,253,255,70,False,False,medium,"run-away, guts, hustle",https://raw.githubusercontent.com/PokeAPI/sprites/master/sprites/pokemon/other/official-artwork/19.png
20,레트라,raticate,1,0.7,18.5,normal,,55,81,60,50,70,97,413,127,70,False,False,medium,"run-away, guts, hustle",https://raw.githubusercontent.com/PokeAPI/sprites/master/sprites/pokemon/other/official-artwork/20.png
21,깨비참,spearow,1,0.3,2.0,normal,flying,40,60,30,31,31,70,262,255,70,False,False,medium,"keen-eye, sniper",https://raw.githubusercontent.com/PokeAPI/sprites/master/sprites/pokemon/other/official-artwork/21.png
22,깨비드릴조,fearow,1,1.2,38.0,normal,flying,65,90,65,61,61,100,442,90,70,False,False,medium,"keen-eye, sniper",https://raw.githubusercontent.com/PokeAPI/sprites/master/sprites/pokemon/other/official-artwork/22.png
23,아보,ekans,1,2.0,6.9,poison,,35,60,44,40,54,55,288,255,70,False,False,medium,"intimidate, shed-skin, unnerve",https://raw.githubusercontent.com/PokeAPI/sprites/master/sprites/pokemon/other/official-artwork/23.png
24,아보크,arbok,1,3.5,65.0,poison,,60,95,69,65,79,80,448,90,70,False,False,medium,"intimidate, shed-skin, unnerve",https://raw.githubusercontent.com/PokeAPI/sprites/master/sprites/pokemon/other/official-artwork/24.png
25,피카츄,pikachu,1,0.4,6.0,electric,,35,55,40,50,50,90,320,190,70,False,False,medium,"static, lightning-rod",https://raw.githubusercontent.com/PokeAPI/sprites/master/sprites/pokemon/other/official-artwork/25.png
26,라이츄,raichu,1,0.8,30.0,electric,,60,90,55,90,80,110,485,75,70,False,False,medium,"static, lightning-rod",https://raw.githubusercontent.com/PokeAPI/sprites/master/sprites/pokemon/other/official-artwork/26.png
27,모래두지,sandshrew,1,0.6,12.0,ground,,50,75,85,20,30,40,300,255,70,False,False,medium,"sand-veil, sand-rush",https://raw.githubusercontent.com/PokeAPI/sprites/master/sprites/pokemon/other/official-artwork/27.png
28,고지,sandslash,1,1.0,29.5,ground,,75,100,110,45,55,65,450,90,70,False,False,medium,"sand-veil, sand-rush",https://raw.githubusercontent.com/PokeAPI/sprites/master/sprites/pokemon/other/official-artwork/28.png
29,니드런♀,nidoran-f,1,0.4,7.0,poison,,55,47,52,40,40,41,275,235,70,False,False,medium-slow,"poison-point, rivalry, hustle",https://raw.githubusercontent.com/PokeAPI/sprites/master/sprites/pokemon/other/official-artwork/29.png
30,니드리나,nidorina,1,0.8,20.0,poison,,70,62,67,55,55,56,365,120,70,False,False,medium-slow,"poison-point, rivalry, hustle",https://raw.githubusercontent.com/PokeAPI/sprites/master/sprites/pokemon/other/official-artwork/30.png
31,니드퀸,nidoqueen,1,1.3,60.0,poison,ground,90,92,87,75,85,76,505,45,70,False,False,medium-slow,"poison-point, rivalry, sheer-force",https://raw.githubusercontent.com/PokeAPI/sprites/master/sprites/pokemon/other/official-artwork/31.png
32,니드런♂,nidoran-m,1,0.5,9.0,poison,,46,57,40,40,40,50,273,235,70,False,False,medium-slow,"poison-point, rivalry, hustle",https://raw.githubusercontent.com/PokeAPI/sprites/master/sprites/pokemon/other/official-artwork/32.png
33,니드리노,nidorino,1,0.9,19.5,poison,,61,72,57,55,55,65,365,120,70,False,False,medium-slow,"poison-point, rivalry, hustle",https://raw.githubusercontent.com/PokeAPI/sprites/master/sprites/pokemon/other/official-artwork/33.png
34,니드킹,nidoking,1,1.4,62.0,poison,ground,81,102,77,85,75,85,505,45,70,False,False,medium-slow,"poison-point, rivalry, sheer-force",https://raw.githubusercontent.com/PokeAPI/sprites/master/sprites/pokemon/other/official-artwork/34.png
35,삐삐,clefairy,1,0.6,7.5,fairy,,70,45,48,60,65,35,323,150,140,False,False,fast,"cute-charm, magic-guard, friend-guard",https://raw.githubusercontent.com/PokeAPI/sprites/master/sprites/pokemon/other/official-artwork/35.png
36,픽시,clefable,1,1.3,40.0,fairy,,95,70,73,95,90,60,483,25,140,False,False,fast,"cute-charm, magic-guard, unaware",https://raw.githubusercontent.com/PokeAPI/sprites/master/sprites/pokemon/other/official-artwork/36.png
37,식스테일,vulpix,1,0.6,9.9,fire,,38,41,40,50,65,65,299,190,70,False,False,medium,"flash-fire, drought",https://raw.githubusercontent.com/PokeAPI/sprites/master/sprites/pokemon/other/official-artwork/37.png
38,나인테일,ninetales,1,1.1,19.9,fire,,73,76,75,81,100,100,505,75,70,False,False,medium,"flash-fire, drought",https://raw.githubusercontent.com/PokeAPI/sprites/master/sprites/pokemon/other/official-artwork/38.png
39,푸린,jigglypuff,1,0.5,5.5,normal,fairy,115,45,20,45,25,20,270,170,70,False,False,fast,"cute-charm, competitive, friend-guard",https://raw.githubusercontent.com/PokeAPI/sprites/master/sprites/pokemon/other/official-artwork/39.png
40,푸크린,wigglytuff,1,1.0,12.0,normal,fairy,140,70,45,85,50,45,435,50,70,False,False,fast,"cute-charm, competitive, frisk",https://raw.githubusercontent.com/PokeAPI/sprites/master/sprites/pokemon/other/official-artwork/40.png
41,주뱃,zubat,1,0.8,7.5,poison,flying,40,45,35,30,40,55,245,255,70,False,False,medium,"inner-focus, infiltrator",https://raw.githubusercontent.com/PokeAPI/sprites/master/sprites/pokemon/other/official-artwork/41.png
42,골뱃,golbat,1,1.6,55.0,poison,flying,75,80,70,65,75,90,455,90,70,False,False,medium,"inner-focus, infiltrator",https://raw.githubusercontent.com/PokeAPI/sprites/master/sprites/pokemon/other/official-artwork/42.png
43,뚜벅쵸,oddish,1,0.5,5.4,grass,poison,45,50,55,75,65,30,320,255,70,False,False,medium-slow,"chlorophyll, run-away",https://raw.githubusercontent.com/PokeAPI/sprites/master/sprites/pokemon/other/official-artwork/43.png
44,냄새꼬,gloom,1,0.8,8.6,grass,poison,60,65,70,85,75,40,395,120,70,False,False,medium-slow,"chlorophyll, stench",https://raw.githubusercontent.com/PokeAPI/sprites/master/sprites/pokemon/other/official-artwork/44.png
45,라플레시아,vileplume,1,1.2,18.6,grass,poison,75,80,85,110,90,50,490,45,70,False,False,medium-slow,"chlorophyll, effect-spore",https://raw.githubusercontent.com/PokeAPI/sprites/master/sprites/pokemon/other/official-artwork/45.png
46,파라스,paras,1,0.3,5.4,bug,grass,35,70,55,45,55,25,285,190,70,False,False,medium,"effect-spore, dry-skin, damp",https://raw.githubusercontent.com/PokeAPI/sprites/master/sprites/pokemon/other/official-artwork/46.png
47,파라섹트,parasect,1,1.0,29.5,bug,grass,60,95,80,60,80,30,405,75,70,False,False,medium,"effect-spore, dry-skin, damp",https://raw.githubusercontent.com/PokeAPI/sprites/master/sprites/pokemon/other/official-artwork/47.png
48,콘팡,venonat,1,1.0,30.0,bug,poison,60,55,50,40,55,45,305,190,70,False,False,medium,"compound-eyes, tinted-lens, run-away",https://raw.githubusercontent.com/PokeAPI/sprites/master/sprites/pokemon/other/official-artwork/48.png
49,도나리,venomoth,1,1.5,12.5,bug,poison,70,65,60,90,75,90,450,75,70,False,False,medium,"shield-dust, tinted-lens, wonder-skin",https://raw.githubusercontent.com/PokeAPI/sprites/master/sprites/pokemon/other/official-artwork/49.png
50,디그다,diglett,1,0.2,0.8,ground,,10,55,25,35,45,95,265,255,70,False,False,medium,"sand-veil, arena-trap, sand-force",https://raw.githubusercontent.com/PokeAPI/sprites/master/sprites/pokemon/other/official-artwork/50.png
51,닥트리오,dugtrio,1,0.7,33.3,ground,,35,100,50,50,70,120,425,50,70,False,False,medium,"sand-veil, arena-trap, sand-force",https://raw.githubusercontent.com/PokeAPI/sprites/master/sprites/pokemon/other/official-artwork/51.png
52,나옹,meowth,1,0.4,4.2,normal,,40,45,35,40,40,90,290,255,70,False,False,medium,"pickup, technician, unnerve",https://raw.githubusercontent.com/PokeAPI/sprites/master/sprites/pokemon/other/official-artwork/52.png
53,페르시온,persian,1,1.0,32.0,normal,,65,70,60,65,65,115,440,90,70,False,False,medium,"limber, technician, unnerve",https://raw.githubusercontent.com/PokeAPI/sprites/master/sprites/pokemon/other/official-artwork/53.png
54,고라파덕,psyduck,1,0.8,19.6,water,,50,52,48,65,50,55,320,190,70,False,False,medium,"damp, cloud-nine, swift-swim",https://raw.githubusercontent.com/PokeAPI/sprites/master/sprites/pokemon/other/official-artwork/54.png
55,골덕,golduck,1,1.7,76.6,water,,80,82,78,95,80,85,500,75,70,False,False,medium,"damp, cloud-nine, swift-swim",https://raw.githubusercontent.com/PokeAPI/sprites/master/sprites/pokemon/other/official-artwork/55.png
56,망키,mankey,1,0.5,28.0,fighting,,40,80,35,35,45,70,305,190,70,False,False,medium,"vital-spirit, anger-point, defiant",https://raw.githubusercontent.com/PokeAPI/sprites/master/sprites/pokemon/other/official-artwork/56.png
57,성원숭,primeape,1,1.0,32.0,fighting,,65,105,60,60,70,95,455,75,70,False,False,medium,"vital-spirit, anger-point, defiant",https://raw.githubusercontent.com/PokeAPI/sprites/master/sprites/pokemon/other/official-artwork/57.png
58,가디,growlithe,1,0.7,19.0,fire,,55,70,45,70,50,60,350,190,70,False,False,slow,"intimidate, flash-fire, justified",https://raw.githubusercontent.com/PokeAPI/sprites/master/sprites/pokemon/other/official-artwork/58.png
59,윈디,arcanine,1,1.9,155.0,fire,,90,110,80,100,80,95,555,75,70,False,False,slow,"intimidate, flash-fire, justified",https://raw.githubusercontent.com/PokeAPI/sprites/master/sprites/pokemon/other/official-artwork/59.png
60,발챙이,poliwag,1,0.6,12.4,water,,40,50,40,40,40,90,300,255,70,False,False,medium-slow,"water-absorb, damp, swift-swim",https://raw.githubusercontent.com/PokeAPI/sprites/master/sprites/pokemon/other/official-artwork/60.png
61,슈륙챙이,poliwhirl,1,1.0,20.0,water,,65,65,65,50,50,90,385,120,70,False,False,medium-slow,"water-absorb, damp, swift-swim",https://raw.githubusercontent.com/PokeAPI/sprites/master/sprites/pokemon/other/official-artwork/61.png
62,강챙이,poliwrath,1,1.3,54.0,water,fighting,90,95,95,70,90,70,510,45,70,False,False,medium-slow,"water-absorb, damp, swift-swim",https://raw.githubusercontent.com/PokeAPI/sprites/master/sprites/pokemon/other/official-artwork/62.png
63,캐이시,abra,1,0.9,19.5,psychic,,25,20,15,105,55,90,310,200,70,False,False,medium-slow,"synchronize, inner-focus, magic-guard",https://raw.githubusercontent.com/PokeAPI/sprites/master/sprites/pokemon/other/official-artwork/63.png
64,윤겔라,kadabra,1,1.3,56.5,psychic,,40,35,30,120,70,105,400,100,70,False,False,medium-slow,"synchronize, inner-focus, magic-guard",https://raw.githubusercontent.com/PokeAPI/sprites/master/sprites/pokemon/other/official-artwork/64.png
65,후딘,alakazam,1,1.5,48.0,psychic,,55,50,45,135,95,120,500,50,70,False,False,medium-slow,"synchronize, inner-focus, magic-guard",https://raw.githubusercontent.com/PokeAPI/sprites/master/sprites/pokemon/other/official-artwork/65.png
66,알통몬,machop,1,0.8,19.5,fighting,,70,80,50,35,35,35,305,180,70,False,False,medium-slow,"guts, no-guard, steadfast",https://raw.githubusercontent.com/PokeAPI/sprites/master/sprites/pokemon/other/official-artwork/66.png
67,근육몬,machoke,1,1.5,70.5,fighting,,80,100,70,50,60,45,405,90,70,False,False,medium-slow,"guts, no-guard, steadfast",https://raw.githubusercontent.com/PokeAPI/sprites/master/sprites/pokemon/other/official-artwork/67.png
68,괴력몬,machamp,1,1.6,130.0,fighting,,90,130,80,65,85,55,505,45,70,False,False,medium-slow,"guts, no-guard, steadfast",https://raw.githubusercontent.com/PokeAPI/sprites/master/sprites/pokemon/other/official-artwork/68.png
69,모다피,bellsprout,1,0.7,4.0,grass,poison,50,75,35,70,30,40,300,255,70,False,False,medium-slow,"chlorophyll, gluttony",https://raw.githubusercontent.com/PokeAPI/sprites/master/sprites/pokemon/other/official-artwork/69.png
70,우츠동,weepinbell,1,1.0,6.4,grass,poison,65,90,50,85,45,55,390,120,70,False,False,medium-slow,"chlorophyll, gluttony",https://raw.githubusercontent.com/PokeAPI/sprites/master/sprites/pokemon/other/official-artwork/70.png
71,우츠보트,victreebel,1,1.7,15.5,grass,poison,80,105,65,100,70,70,490,45,70,False,False,medium-slow,"chlorophyll, gluttony",https://raw.githubusercontent.com/PokeAPI/sprites/master/sprites/pokemon/other/official-artwork/71.png
72,왕눈해,tentacool,1,0.9,45.5,water,poison,40,40,35,50,100,70,335,190,70,False,False,slow,"clear-body, liquid-ooze, rain-dish",https://raw.githubusercontent.com/PokeAPI/sprites/master/sprites/pokemon/other/official-artwork/72.png
73,독파리,tentacruel,1,1.6,55.0,water,poison,80,70,65,80,120,100,515,60,70,False,False,slow,"clear-body, liquid-ooze, rain-dish",https://raw.githubusercontent.com/PokeAPI/sprites/master/sprites/pokemon/other/official-artwork/73.png
74,꼬마돌,geodude,1,0.4,20.0,rock,ground,40,80,100,30,30,20,300,255,70,False,False,medium-slow,"rock-head, sturdy, sand-veil",https://raw.githubusercontent.com/PokeAPI/sprites/master/sprites/pokemon/other/official-artwork/74.png
75,데구리,graveler,1,1.0,105.0,rock,ground,55,95,115,45,45,35,390,120,70,False,False,medium-slow,"rock-head, sturdy, sand-veil",https://raw.githubusercontent.com/PokeAPI/sprites/master/sprites/pokemon/other/official-artwork/75.png
76,딱구리,golem,1,1.4,300.0,rock,ground,80,120,130,55,65,45,495,45,70,False,False,medium-slow,"rock-head, sturdy, sand-veil",https://raw.githubusercontent.com/PokeAPI/sprites/master/sprites/pokemon/other/official-artwork/76.png
77,포니타,ponyta,1,1.0,30.0,fire,,50,85,55,65,65,90,410,190,70,False,False,medium,"run-away, flash-fire, flame-body",https://raw.githubusercontent.com/PokeAPI/sprites/master/sprites/pokemon/other/official-artwork/77.png
78,날쌩마,rapidash,1,1.7,95.0,fire,,65,100,70,80,80,105,500,60,70,False,False,medium,"run-away, flash-fire, flame-body",https://raw.githubusercontent.com/PokeAPI/sprites/master/sprites/pokemon/other/official-artwork/78.png
79,야돈,slowpoke,1,1.2,36.0,water,psychic,90,65,65,40,40,15,315,190,70,False,False,medium,"oblivious, own-tempo, regenerator",https://raw.githubusercontent.com/PokeAPI/sprites/master/sprites/pokemon/other/official-artwork/79.png
80,야도란,slowbro,1,1.6,78.5,water,psychic,95,75,110,100,80,30,490,75,70,False,False,medium,"oblivious, own-tempo, regenerator",https://raw.githubusercontent.com/PokeAPI/sprites/master/sprites/pokemon/other/official-artwork/80.png
81,코일,magnemite,1,0.3,6.0,electric,steel,25,35,70,95,55,45,325,190,70,False,False,medium,"magnet-pull, sturdy, analytic",https://raw.githubusercontent.com/PokeAPI/sprites/master/sprites/pokemon/other/official-artwork/81.png
82,레어코일,magneton,1,1.0,60.0,electric,steel,50,60,95,120,70,70,465,60,70,False,False,medium,"magnet-pull, sturdy, analytic",https://raw.githubusercontent.com/PokeAPI/sprites/master/sprites/pokemon/other/official-artwork/82.png
83,파오리,farfetchd,1,0.8,15.0,normal,flying,52,90,55,58,62,60,377,45,70,False,False,medium,"keen-eye, inner-focus, defiant",https://raw.githubusercontent.com/PokeAPI/sprites/master/sprites/pokemon/other/official-artwork/83.png
84,두두,doduo,1,1.4,39.2,normal,flying,35,85,45,35,35,75,310,190,70,False,False,medium,"run-away, early-bird, tangled-feet",https://raw.githubusercontent.com/PokeAPI/sprites/master/sprites/pokemon/other/official-artwork/84.png
85,두트리오,dodrio,1,1.8,85.2,normal,flying,60,110,70,60,60,110,470,45,70,False,False,medium,"run-away, early-bird, tangled-feet",https://raw.githubusercontent.com/PokeAPI/sprites/master/sprites/pokemon/other/official-artwork/85.png
86,쥬쥬,seel,1,1.1,90.0,water,,65,45,55,45,70,45,325,190,70,False,False,medium,"thick-fat, hydration, ice-body",https://raw.githubusercontent.com/PokeAPI/sprites/master/sprites/pokemon/other/official-artwork/86.png
87,쥬레곤,dewgong,1,1.7,120.0,water,ice,90,70,80,70,95,70,475,75,70,False,False,medium,"thick-fat, hydration, ice-body",https://raw.githubusercontent.com/PokeAPI/sprites/master/sprites/pokemon/other/official-artwork/87.png
88,질퍽이,grimer,1,0.9,30.0,poison,,80,80,50,40,50,25,325,190,70,False,False,medium,"stench, sticky-hold, poison-touch",https://raw.githubusercontent.com/PokeAPI/sprites/master/sprites/pokemon/other/official-artwork/88.png
89,질뻐기,muk,1,1.2,30.0,poison,,105,105,75,65,100,50,500,75,70,False,False,medium,"stench, sticky-hold, poison-touch",https://raw.githubusercontent.com/PokeAPI/sprites/master/sprites/pokemon/other/official-artwork/89.png
90,셀러,shellder,1,0.3,4.0,water,,30,65,100,45,25,40,305,190,70,False,False,slow,"shell-armor, skill-link, overcoat",https://raw.githubusercontent.com/PokeAPI/sprites/master/sprites/pokemon/other/official-artwork/90.png
91,파르셀,cloyster,1,1.5,132.5,water,ice,50,95,180,85,45,70,525,60,70,False,False,slow,"shell-armor, skill-link, overcoat",https://raw.githubusercontent.com/PokeAPI/sprites/master/sprites/pokemon/other/official-artwork/91.png
92,고오스,gastly,1,1.3,0.1,ghost,poison,30,35,30,100,35,80,310,190,70,False,False,medium-slow,levitate,https://raw.githubusercontent.com/PokeAPI/sprites/master/sprites/pokemon/other/official-artwork/92.png
93,고우스트,haunter,1,1.6,0.1,ghost,poison,45,50,45,115,55,95,405,90,70,False,False,medium-slow,levitate,https://raw.githubusercontent.com/PokeAPI/sprites/master/sprites/pokemon/other/official-artwork/93.png
94,팬텀,gengar,1,1.5,40.5,ghost,poison,60,65,60,130,75,110,500,45,70,False,False,medium-slow,cursed-body,https://raw.githubusercontent.com/PokeAPI/sprites/master/sprites/pokemon/other/official-artwork/94.png
95,롱스톤,onix,1,8.8,210.0,rock,ground,35,45,160,30,45,70,385,45,70,False,False,medium,"rock-head, sturdy, weak-armor",https://raw.githubusercontent.com/PokeAPI/sprites/master/sprites/pokemon/other/official-artwork/95.png
96,슬리프,drowzee,1,1.0,32.4,psychic,,60,48,45,43,90,42,328,190,70,False,False,medium,"insomnia, forewarn, inner-focus",https://raw.githubusercontent.com/PokeAPI/sprites/master/sprites/pokemon/other/official-artwork/96.png
97,슬리퍼,hypno,1,1.6,75.6,psychic,,85,73,70,73,115,67,483,75,70,False,False,medium,"insomnia, forewarn, inner-focus",https://raw.githubusercontent.com/PokeAPI/sprites/master/sprites/pokemon/other/official-artwork/97.png
98,크랩,krabby,1,0.4,6.5,water,,30,105,90,25,25,50,325,225,70,False,False,medium,"hyper-cutter, shell-armor, sheer-force",https://raw.githubusercontent.com/PokeAPI/sprites/master/sprites/pokemon/other/official-artwork/98.png
99,킹크랩,kingler,1,1.3,60.0,water,,55,130,115,50,50,75,475,60,70,False,False,medium,"hyper-cutter, shell-armor, sheer-force",https://raw.githubusercontent.com/PokeAPI/sprites/master/sprites/pokemon/other/official-artwork/99.png
100,찌리리공,voltorb,1,0.5,10.4,electric,,40,30,50,55,55,100,330,190,70,False,False,medium,"soundproof, static, aftermath",https://raw.githubusercontent.com/PokeAPI/sprites/master/sprites/pokemon/other/official-artwork/100.png
101,붐볼,electrode,1,1.2,66.6,electric,,60,50,70,80,80,150,490,60,70,False,False,medium,"soundproof, static, aftermath",https://raw.githubusercontent.com/PokeAPI/sprites/master/sprites/pokemon/other/official-artwork/101.png
102,아라리,exeggcute,1,0.4,2.5,grass,psychic,60,40,80,60,45,40,325,90,70,False,False,slow,"chlorophyll, harvest",https://raw.githubusercontent.com/PokeAPI/sprites/master/sprites/pokemon/other/official-artwork/102.png
103,나시,exeggutor,1,2.0,120.0,grass,psychic,95,95,85,125,75,55,530,45,70,False,False,slow,"chlorophyll, harvest",https://raw.githubusercontent.com/PokeAPI/sprites/master/sprites/pokemon/other/official-artwork/103.png
104,탕구리,cubone,1,0.4,6.5,ground,,50,50,95,40,50,35,320,190,70,False,False,medium,"rock-head, lightning-rod, battle-armor",https://raw.githubusercontent.com/PokeAPI/sprites/master/sprites/pokemon/other/official-artwork/104.png
105,텅구리,marowak,1,1.0,45.0,ground,,60,80,110,50,80,45,425,75,70,False,False,medium,"rock-head, lightning-rod, battle-armor",https://raw.githubusercontent.com/PokeAPI/sprites/master/sprites/pokemon/other/official-artwork/105.png
106,시라소몬,hitmonlee,1,1.5,49.8,fighting,,50,120,53,35,110,87,455,45,70,False,False,medium,"limber, reckless, unburden",https://raw.githubusercontent.com/PokeAPI/sprites/master/sprites/pokemon/other/official-artwork/106.png
107,홍수몬,hitmonchan,1,1.4,50.2,fighting,,50,105,79,35,110,76,455,45,70,False,False,medium,"keen-eye, iron-fist, inner-focus",https://raw.githubusercontent.com/PokeAPI/sprites/master/sprites/pokemon/other/official-artwork/107.png
108,내루미,lickitung,1,1.2,65.5,normal,,90,55,75,60,75,30,385,45,70,False,False,medium,"own-tempo, oblivious, cloud-nine",https://raw.githubusercontent.com/PokeAPI/sprites/master/sprites/pokemon/other/official-artwork/108.png
109,또가스,koffing,1,0.6,1.0,poison,,40,65,95,60,45,35,340,190,70,False,False,medium,"levitate, neutralizing-gas, stench",https://raw.githubusercontent.com/PokeAPI/sprites/master/sprites/pokemon/other/official-artwork/109.png
110,또도가스,weezing,1,1.2,9.5,poison,,65,90,120,85,70,60,490,60,70,False,False,medium,"levitate, neutralizing-gas, stench",https://raw.githubusercontent.com/PokeAPI/sprites/master/sprites/pokemon/other/official-artwork/110.png
111,뿔카노,rhyhorn,1,1.0,115.0,ground,rock,80,85,95,30,30,25,345,120,70,False,False,slow,"lightning-rod, rock-head, reckless",https://raw.githubusercontent.com/PokeAPI/sprites/master/sprites/pokemon/other/official-artwork/111.png
112,코뿌리,rhydon,1,1.9,120.0,ground,rock,105,130,120,45,45,40,485,60,70,False,False,slow,"lightning-rod, rock-head, reckless",https://raw.githubusercontent.com/PokeAPI/sprites/master/sprites/pokemon/other/official-artwork/112.png
113,럭키,chansey,1,1.1,34.6,normal,,250,5,5,35,105,50,450,30,140,False,False,fast,"natural-cure, serene-grace, healer",https://raw.githubusercontent.com/PokeAPI/sprites/master/sprites/pokemon/other/official-artwork/113.png
114,덩쿠리,tangela,1,1.0,35.0,grass,,65,55,115,100,40,60,435,45,70,False,False,medium,"chlorophyll, leaf-guard, regenerator",https://raw.githubusercontent.com/PokeAPI/sprites/master/sprites/pokemon/other/official-artwork/114.png
115,캥카,kangaskhan,1,2.2,80.0,normal,,105,95,80,40,80,90,490,45,70,False,False,medium,"early-bird, scrappy, inner-focus",https://raw.githubusercontent.com/PokeAPI/sprites/master/sprites/pokemon/other/official-artwork/115.png
116,쏘드라,horsea,1,0.4,8.0,water,,30,40,70,70,25,60,295,225,70,False,False,medium,"swift-swim, sniper, damp",https://raw.githubusercontent.com/PokeAPI/sprites/master/sprites/pokemon/other/official-artwork/116.png
117,시드라,seadra,1,1.2,25.0,water,,55,65,95,95,45,85,440,75,70,False,False,medium,"poison-point, sniper, damp",https://raw.githubusercontent.com/PokeAPI/sprites/master/sprites/pokemon/other/official-artwork/117.png
118,콘치,goldeen,1,0.6,15.0,water,,45,67,60,35,50,63,320,225,70,False,False,medium,"swift-swim, water-veil, lightning-rod",https://raw.githubusercontent.com/PokeAPI/sprites/master/sprites/pokemon/other/official-artwork/118.png
119,왕콘치,seaking,1,1.3,39.0,water,,80,92,65,65,80,68,450,60,70,False,False,medium,"swift-swim, water-veil, lightning-rod",https://raw.githubusercontent.com/PokeAPI/sprites/master/sprites/pokemon/other/official-artwork/119.png
120,별가사리,staryu,1,0.8,34.5,water,,30,45,55,70,55,85,340,225,70,False,False,slow,"illuminate, natural-cure, analytic",https://raw.githubusercontent.com/PokeAPI/sprites/master/sprites/pokemon/other/official-artwork/120.png
121,아쿠스타,starmie,1,1.1,80.0,water,psychic,60,75,85,100,85,115,520,60,70,False,False,slow,"illuminate, natural-cure, analytic",https://raw.githubusercontent.com/PokeAPI/sprites/master/sprites/pokemon/other/official-artwork/121.png
122,마임맨,mr-mime,1,1.3,54.5,psychic,fairy,40,45,65,100,120,90,460,45,70,False,False,medium,"soundproof, filter, technician",https://raw.githubusercontent.com/PokeAPI/sprites/master/sprites/pokemon/other/official-artwork/122.png
123,스라크,scyther,1,1.5,56.0,bug,flying,70,110,80,55,80,105,500,45,70,False,False,medium,"swarm, technician, steadfast",https://raw.githubusercontent.com/PokeAPI/sprites/master/sprites/pokemon/other/official-artwork/123.png
124,루주라,jynx,1,1.4,40.6,ice,psychic,65,50,35,115,95,95,455,45,70,False,False,medium,"oblivious, forewarn, dry-skin",https://raw.githubusercontent.com/PokeAPI/sprites/master/sprites/pokemon/other/official-artwork/124.png
125,에레브,electabuzz,1,1.1,30.0,electric,,65,83,57,95,85,105,490,45,70,False,False,medium,"static, vital-spirit",https://raw.githubusercontent.com/PokeAPI/sprites/master/sprites/pokemon/other/official-artwork/125.png
126,마그마,magmar,1,1.3,44.5,fire,,65,95,57,100,85,93,495,45,70,False,False,medium,"flame-body, vital-spirit",https://raw.githubusercontent.com/PokeAPI/sprites/master/sprites/pokemon/other/official-artwork/126.png
127,쁘사이저,pinsir,1,1.5,55.0,bug,,65,125,100,55,70,85,500,45,70,False,False,slow,"hyper-cutter, mold-breaker, moxie",https://raw.githubusercontent.com/PokeAPI/sprites/master/sprites/pokemon/other/official-artwork/127.png
128,켄타로스,tauros,1,1.4,88.4,normal,,75,100,95,40,70,110,490,45,70,False,False,slow,"intimidate, anger-point, sheer-force",https://raw.githubusercontent.com/PokeAPI/sprites/master/sprites/pokemon/other/official-artwork/128.png
129,잉어킹,magikarp,1,0.9,10.0,water,,20,10,55,15,20,80,200,255,70,False,False,slow,"swift-swim, rattled",https://raw.githubusercontent.com/PokeAPI/sprites/master/sprites/pokemon/other/official-artwork/129.png
130,갸라도스,gyarados,1,6.5,235.0,water,flying,95,125,79,60,100,81,540,45,70,False,False,slow,"intimidate, moxie",https://raw.githubusercontent.com/PokeAPI/sprites/master/sprites/pokemon/other/official-artwork/130.png
131,라프라스,lapras,1,2.5,220.0,water,ice,130,85,80,85,95,60,535,45,70,False,False,slow,"water-absorb, shell-armor, hydration",https://raw.githubusercontent.com/PokeAPI/sprites/master/sprites/pokemon/other/official-artwork/131.png
132,메타몽,ditto,1,0.3,4.0,normal,,48,48,48,48,48,48,288,35,70,False,False,medium,"limber, imposter",https://raw.githubusercontent.com/PokeAPI/sprites/master/sprites/pokemon/other/official-artwork/132.png
133,이브이,eevee,1,0.3,6.5,normal,,55,55,50,45,65,55,325,45,70,False,False,medium,"run-away, adaptability, anticipation",https://raw.githubusercontent.com/PokeAPI/sprites/master/sprites/pokemon/other/official-artwork/133.png
134,샤미드,vaporeon,1,1.0,29.0,water,,130,65,60,110,95,65,525,45,70,False,False,medium,"water-absorb, hydration",https://raw.githubusercontent.com/PokeAPI/sprites/master/sprites/pokemon/other/official-artwork/134.png
135,쥬피썬더,jolteon,1,0.8,24.5,electric,,65,65,60,110,95,130,525,45,70,False,False,medium,"volt-absorb, quick-feet",https://raw.githubusercontent.com/PokeAPI/sprites/master/sprites/pokemon/other/official-artwork/135.png
136,부스터,flareon,1,0.9,25.0,fire,,65,130,60,95,110,65,525,45,70,False,False,medium,"flash-fire, guts",https://raw.githubusercontent.com/PokeAPI/sprites/master/sprites/pokemon/other/official-artwork/136.png
137,폴리곤,porygon,1,0.8,36.5,normal,,65,60,70,85,75,40,395,45,70,False,False,medium,"trace, download, analytic",https://raw.githubusercontent.com/PokeAPI/sprites/master/sprites/pokemon/other/official-artwork/137.png
138,암나이트,omanyte,1,0.4,7.5,rock,water,35,40,100,90,55,35,355,45,70,False,False,medium,"swift-swim, shell-armor, weak-armor",https://raw.githubusercontent.com/PokeAPI/sprites/master/sprites/pokemon/other/official-artwork/138.png
139,암스타,omastar,1,1.0,35.0,rock,water,70,60,125,115,70,55,495,45,70,False,False,medium,"swift-swim, shell-armor, weak-armor",https://raw.githubusercontent.com/PokeAPI/sprites/master/sprites/pokemon/other/official-artwork/139.png
140,투구,kabuto,1,0.5,11.5,rock,water,30,80,90,55,45,55,355,45,70,False,False,medium,"swift-swim, battle-armor, weak-armor",https://raw.githubusercontent.com/PokeAPI/sprites/master/sprites/pokemon/other/official-artwork/140.png
141,투구푸스,kabutops,1,1.3,40.5,rock,water,60,115,105,65,70,80,495,45,70,False,False,medium,"swift-swim, battle-armor, weak-armor",https://raw.githubusercontent.com/PokeAPI/sprites/master/sprites/pokemon/other/official-artwork/141.png
142,프테라,aerodactyl,1,1.8,59.0,rock,flying,80,105,65,60,75,130,515,45,70,False,False,slow,"rock-head, pressure, unnerve",https://raw.githubusercontent.com/PokeAPI/sprites/master/sprites/pokemon/other/official-artwork/142.png
143,잠만보,snorlax,1,2.1,460.0,normal,,160,110,65,65,110,30,540,25,70,False,False,slow,"immunity, thick-fat, gluttony",https://raw.githubusercontent.com/PokeAPI/sprites/master/sprites/pokemon/other/official-artwork/143.png
144,프리져,articuno,1,1.7,55.4,ice,flying,90,85,100,95,125,85,580,3,35,True,False,slow,"pressure, snow-cloak",https://raw.githubusercontent.com/PokeAPI/sprites/master/sprites/pokemon/other/official-artwork/144.png
145,썬더,zapdos,1,1.6,52.6,electric,flying,90,90,85,125,90,100,580,3,35,True,False,slow,"pressure, static",https://raw.githubusercontent.com/PokeAPI/sprites/master/sprites/pokemon/other/official-artwork/145.png
146,파이어,moltres,1,2.0,60.0,fire,flying,90,100,90,125,85,90,580,3,35,True,False,slow,"pressure, flame-body",https://raw.githubusercontent.com/PokeAPI/sprites/master/sprites/pokemon/other/official-artwork/146.png
147,미뇽,dratini,1,1.8,3.3,dragon,,41,64,45,50,50,50,300,45,35,False,False,slow,"shed-skin, marvel-scale",https://raw.githubusercontent.com/PokeAPI/sprites/master/sprites/pokemon/other/official-artwork/147.png
148,신뇽,dragonair,1,4.0,16.5,dragon,,61,84,65,70,70,70,420,45,35,False,False,slow,"shed-skin, marvel-scale",https://raw.githubusercontent.com/PokeAPI/sprites/master/sprites/pokemon/other/official-artwork/148.png
149,망나뇽,dragonite,1,2.2,210.0,dragon,flying,91,134,95,100,100,80,600,45,35,False,False,slow,"inner-focus, multiscale",https://raw.githubusercontent.com/PokeAPI/sprites/master/sprites/pokemon/other/official-artwork/149.png
150,뮤츠,mewtwo,1,2.0,122.0,psychic,,106,110,90,154,90,130,680,3,0,True,False,slow,"pressure, unnerve",https://raw.githubusercontent.com/PokeAPI/sprites/master/sprites/pokemon/other/official-artwork/150.png
151,뮤,mew,1,0.4,4.0,psychic,,100,100,100,100,100,100,600,45,100,False,True,medium-slow,synchronize,https://raw.githubusercontent.com/PokeAPI/sprites/master/sprites/pokemon/other/official-artwork/151.png
152,치코리타,chikorita,2,0.9,6.4,grass,,45,49,65,49,65,45,318,45,70,False,False,medium-slow,"overgrow, leaf-guard",https://raw.githubusercontent.com/PokeAPI/sprites/master/sprites/pokemon/other/official-artwork/152.png
153,베이리프,bayleef,2,1.2,15.8,grass,,60,62,80,63,80,60,405,45,70,False,False,medium-slow,"overgrow, leaf-guard",https://raw.githubusercontent.com/PokeAPI/sprites/master/sprites/pokemon/other/official-artwork/153.png
154,메가니움,meganium,2,1.8,100.5,grass,,80,82,100,83,100,80,525,45,70,False,False,medium-slow,"overgrow, leaf-guard",https://raw.githubusercontent.com/PokeAPI/sprites/master/sprites/pokemon/other/official-artwork/154.png
155,브케인,cyndaquil,2,0.5,7.9,fire,,39,52,43,60,50,65,309,45,70,False,False,medium-slow,"blaze, flash-fire",https://raw.githubusercontent.com/PokeAPI/sprites/master/sprites/pokemon/other/official-artwork/155.png
156,마그케인,quilava,2,0.9,19.0,fire,,58,64,58,80,65,80,405,45,70,False,False,medium-slow,"blaze, flash-fire",https://raw.githubusercontent.com/PokeAPI/sprites/master/sprites/pokemon/other/official-artwork/156.png
157,블레이범,typhlosion,2,1.7,79.5,fire,,78,84,78,109,85,100,534,45,70,False,False,medium-slow,"blaze, flash-fire",https://raw.githubusercontent.com/PokeAPI/sprites/master/sprites/pokemon/other/official-artwork/157.png
158,리아코,totodile,2,0.6,9.5,water,,50,65,64,44,48,43,314,45,70,False,False,medium-slow,"torrent, sheer-force",https://raw.githubusercontent.com/PokeAPI/sprites/master/sprites/pokemon/other/official-artwork/158.png
159,엘리게이,croconaw,2,1.1,25.0,water,,65,80,80,59,63,58,405,45,70,False,False,medium-slow,"torrent, sheer-force",https://raw.githubusercontent.com/PokeAPI/sprites/master/sprites/pokemon/other/official-artwork/159.png
160,장크로다일,feraligatr,2,2.3,88.8,water,,85,105,100,79,83,78,530,45,70,False,False,medium-slow,"torrent, sheer-force",https://raw.githubusercontent.com/PokeAPI/sprites/master/sprites/pokemon/other/official-artwork/160.png
161,꼬리선,sentret,2,0.8,6.0,normal,,35,46,34,35,45,20,215,255,70,False,False,medium,"run-away, keen-eye, frisk",https://raw.githubusercontent.com/PokeAPI/sprites/master/sprites/pokemon/other/official-artwork/161.png
162,다꼬리,furret,2,1.8,32.5,normal,,85,76,64,45,55,90,415,90,70,False,False,medium,"run-away, keen-eye, frisk",https://raw.githubusercontent.com/PokeAPI/sprites/master/sprites/pokemon/other/official-artwork/162.png
163,부우부,hoothoot,2,0.7,21.2,normal,flying,60,30,30,36,56,50,262,255,70,False,False,medium,"insomnia, keen-eye, tinted-lens",https://raw.githubusercontent.com/PokeAPI/sprites/master/sprites/pokemon/other/official-artwork/163.png
164,야부엉,noctowl,2,1.6,40.8,normal,flying,100,50,50,86,96,70,452,90,70,False,False,medium,"insomnia, keen-eye, tinted-lens",https://raw.githubusercontent.com/PokeAPI/sprites/master/sprites/pokemon/other/official-artwork/164.png
165,레디바,ledyba,2,1.0,10.8,bug,flying,40,20,30,40,80,55,265,255,70,False,False,fast,"swarm, early-bird, rattled",https://raw.githubusercontent.com/PokeAPI/sprites/master/sprites/pokemon/other/official-artwork/165.png
166,레디안,ledian,2,1.4,35.6,bug,flying,55,35,50,55,110,85,390,90,70,False,False,fast,"swarm, early-bird, iron-fist",https://raw.githubusercontent.com/PokeAPI/sprites/master/sprites/pokemon/other/official-artwork/166.png
167,페이검,spinarak,2,0.5,8.5,bug,poison,40,60,40,40,40,30,250,255,70,False,False,fast,"swarm, insomnia, sniper",https://raw.githubusercontent.com/PokeAPI/sprites/master/sprites/pokemon/other/official-artwork/167.png
168,아리아도스,ariados,2,1.1,33.5,bug,poison,70,90,70,60,70,40,400,90,70,False,False,fast,"swarm, insomnia, sniper",https://raw.githubusercontent.com/PokeAPI/sprites/master/sprites/pokemon/other/official-artwork/168.png
169,크로뱃,crobat,2,1.8,75.0,poison,flying,85,90,80,70,80,130,535,90,70,False,False,medium,"inner-focus, infiltrator",https://raw.githubusercontent.com/PokeAPI/sprites/master/sprites/pokemon/other/official-artwork/169.png
170,초라기,chinchou,2,0.5,12.0,water,electric,75,38,38,56,56,67,330,190,70,False,False,slow,"volt-absorb, illuminate, water-absorb",https://raw.githubusercontent.com/PokeAPI/sprites/master/sprites/pokemon/other/official-artwork/170.png
171,랜턴,lanturn,2,1.2,22.5,water,electric,125,58,58,76,76,67,460,75,70,False,False,slow,"volt-absorb, illuminate, water-absorb",https://raw.githubusercontent.com/PokeAPI/sprites/master/sprites/pokemon/other/official-artwork/171.png
172,피츄,pichu,2,0.3,2.0,electric,,20,40,15,35,35,60,205,190,70,False,False,medium,"static, lightning-rod",https://raw.githubusercontent.com/PokeAPI/sprites/master/sprites/pokemon/other/official-artwork/172.png
173,삐,cleffa,2,0.3,3.0,fairy,,50,25,28,45,55,15,218,150,140,False,False,fast,"cute-charm, magic-guard, friend-guard",https://raw.githubusercontent.com/PokeAPI/sprites/master/sprites/pokemon/other/official-artwork/173.png
174,푸푸린,igglybuff,2,0.3,1.0,normal,fairy,90,30,15,40,20,15,210,170,70,False,False,fast,"cute-charm, competitive, friend-guard",https://raw.githubusercontent.com/PokeAPI/sprites/master/sprites/pokemon/other/official-artwork/174.png
175,토게피,togepi,2,0.3,1.5,fairy,,35,20,65,40,65,20,245,190,70,False,False,fast,"hustle, serene-grace, super-luck",https://raw.githubusercontent.com/PokeAPI/sprites/master/sprites/pokemon/other/official-artwork/175.png
176,토게틱,togetic,2,0.6,3.2,fairy,flying,55,40,85,80,105,40,405,75,70,False,False,fast,"hustle, serene-grace, super-luck",https://raw.githubusercontent.com/PokeAPI/sprites/master/sprites/pokemon/other/official-artwork/176.png
177,네이티,natu,2,0.2,2.0,psychic,flying,40,50,45,70,45,70,320,190,70,False,False,medium,"synchronize, early-bird, magic-bounce",https://raw.githubusercontent.com/PokeAPI/sprites/master/sprites/pokemon/other/official-artwork/177.png
178,네이티오,xatu,2,1.5,15.0,psychic,flying,65,75,70,95,70,95,470,75,70,False,False,medium,"synchronize, early-bird, magic-bounce",https://raw.githubusercontent.com/PokeAPI/sprites/master/sprites/pokemon/other/official-artwork/178.png
179,메리프,mareep,2,0.6,7.8,electric,,55,40,40,65,45,35,280,235,70,False,False,medium-slow,"static, plus",https://raw.githubusercontent.com/PokeAPI/sprites/master/sprites/pokemon/other/official-artwork/179.png
180,보송송,flaaffy,2,0.8,13.3,electric,,70,55,55,80,60,45,365,120,70,False,False,medium-slow,"static, plus",https://raw.githubusercontent.com/PokeAPI/sprites/master/sprites/pokemon/other/official-artwork/180.png
181,전룡,ampharos,2,1.4,61.5,electric,,90,75,85,115,90,55,510,45,70,False,False,medium-slow,"static, plus",https://raw.githubusercontent.com/PokeAPI/sprites/master/sprites/pokemon/other/official-artwork/181.png
182,아르코,bellossom,2,0.4,5.8,grass,,75,80,95,90,100,50,490,45,70,False,False,medium-slow,"chlorophyll, healer",https://raw.githubusercontent.com/PokeAPI/sprites/master/sprites/pokemon/other/official-artwork/182.png
183,마릴,marill,2,0.4,8.5,water,fairy,70,20,50,20,50,40,250,190,70,False,False,fast,"thick-fat, huge-power, sap-sipper",https://raw.githubusercontent.com/PokeAPI/sprites/master/sprites/pokemon/other/official-artwork/183.png
184,마릴리,azumarill,2,0.8,28.5,water,fairy,100,50,80,60,80,50,420,75,70,False,False,fast,"thick-fat, huge-power, sap-sipper",https://raw.githubusercontent.com/PokeAPI/sprites/master/sprites/pokemon/other/official-artwork/184.png
185,꼬지모,sudowoodo,2,1.2,38.0,rock,,70,100,115,30,65,30,410,65,70,False,False,medium,"sturdy, rock-head, rattled",https://raw.githubusercontent.com/PokeAPI/sprites/master/sprites/pokemon/other/official-artwork/185.png
186,왕구리,politoed,2,1.1,33.9,water,,90,75,75,90,100,70,500,45,70,False,False,medium-slow,"water-absorb, damp, drizzle",https://raw.githubusercontent.com/PokeAPI/sprites/master/sprites/pokemon/other/official-artwork/186.png
187,통통코,hoppip,2,0.4,0.5,grass,flying,35,35,40,35,55,50,250,255,70,False,False,medium-slow,"chlorophyll, leaf-guard, infiltrator",https://raw.githubusercontent.com/PokeAPI/sprites/master/sprites/pokemon/other/official-artwork/187.png
188,두코,skiploom,2,0.6,1.0,grass,flying,55,45,50,45,65,80,340,120,70,False,False,medium-slow,"chlorophyll, leaf-guard, infiltrator",https://raw.githubusercontent.com/PokeAPI/sprites/master/sprites/pokemon/other/official-artwork/188.png
189,솜솜코,jumpluff,2,0.8,3.0,grass,flying,75,55,70,55,95,110,460,45,70,False,False,medium-slow,"chlorophyll, leaf-guard, infiltrator",https://raw.githubusercontent.com/PokeAPI/sprites/master/sprites/pokemon/other/official-artwork/189.png
190,에이팜,aipom,2,0.8,11.5,normal,,55,70,55,40,55,85,360,45,70,False,False,fast,"run-away, pickup, skill-link",https://raw.githubusercontent.com/PokeAPI/sprites/master/sprites/pokemon/other/official-artwork/190.png
191,해너츠,sunkern,2,0.3,1.8,grass,,30,30,30,30,30,30,180,235,70,False,False,medium-slow,"chlorophyll, solar-power, early-bird",https://raw.githubusercontent.com/PokeAPI/sprites/master/sprites/pokemon/other/official-artwork/191.png
192,해루미,sunflora,2,0.8,8.5,grass,,75,75,55,105,85,30,425,120,70,False,False,medium-slow,"chlorophyll, solar-power, early-bird",https://raw.githubusercontent.com/PokeAPI/sprites/master/sprites/pokemon/other/official-artwork/192.png
193,왕자리,yanma,2,1.2,38.0,bug,flying,65,65,45,75,45,95,390,75,70,False,False,medium,"speed-boost, compound-eyes, frisk",https://raw.githubusercontent.com/PokeAPI/sprites/master/sprites/pokemon/other/official-artwork/193.png
194,우파,wooper,2,0.4,8.5,water,ground,55,45,45,25,25,15,210,255,70,False,False,medium,"damp, water-absorb, unaware",https://raw.githubusercontent.com/PokeAPI/sprites/master/sprites/pokemon/other/official-artwork/194.png
195,누오,quagsire,2,1.4,75.0,water,ground,95,85,85,65,65,35,430,90,70,False,False,medium,"damp, water-absorb, unaware",https://raw.githubusercontent.com/PokeAPI/sprites/master/sprites/pokemon/other/official-artwork/195.png
196,에브이,espeon,2,0.9,26.5,psychic,,65,65,60,130,95,110,525,45,70,False,False,medium,"synchronize, magic-bounce",https://raw.githubusercontent.com/PokeAPI/sprites/master/sprites/pokemon/other/official-artwork/196.png
197,블래키,umbreon,2,1.0,27.0,dark,,95,65,110,60,130,65,525,45,35,False,False,medium,"synchronize, inner-focus",https://raw.githubusercontent.com/PokeAPI/sprites/master/sprites/pokemon/other/official-artwork/197.png
198,니로우,murkrow,2,0.5,2.1,dark,flying,60,85,42,85,42,91,405,30,35,False,False,medium-slow,"insomnia, super-luck, prankster",https://raw.githubusercontent.com/PokeAPI/sprites/master/sprites/pokemon/other/official-artwork/198.png
199,야도킹,slowking,2,2.0,79.5,water,psychic,95,75,80,100,110,30,490,70,70,False,False,medium,"oblivious, own-tempo, regenerator",https://raw.githubusercontent.com/PokeAPI/sprites/master/sprites/pokemon/other/official-artwork/199.png
200,무우마,misdreavus,2,0.7,1.0,ghost,,60,60,60,85,85,85,435,45,35,False,False,fast,levitate,https://raw.githubusercontent.com/PokeAPI/sprites/master/sprites/pokemon/other/official-artwork/200.png
201,안농,unown,2,0.5,5.0,psychic,,48,72,48,72,48,48,336,225,70,False,False,medium,levitate,https://raw.githubusercontent.com/PokeAPI/sprites/master/sprites/pokemon/other/official-artwork/201.png
202,마자용,wobbuffet,2,1.3,28.5,psychic,,190,33,58,33,58,33,405,45,70,False,False,medium,"shadow-tag, telepathy",https://raw.githubusercontent.com/PokeAPI/sprites/master/sprites/pokemon/other/official-artwork/202.png
203,키링키,girafarig,2,1.5,41.5,normal,psychic,70,80,65,90,65,85,455,60,70,False,False,medium,"inner-focus, early-bird, sap-sipper",https://raw.githubusercontent.com/PokeAPI/sprites/master/sprites/pokemon/other/official-artwork/203.png
204,피콘,pineco,2,0.6,7.2,bug,,50,65,90,35,35,15,290,190,70,False,False,medium,"sturdy, overcoat",https://raw.githubusercontent.com/PokeAPI/sprites/master/sprites/pokemon/other/official-artwork/204.png
205,쏘콘,forretress,2,1.2,125.8,bug,steel,75,90,140,60,60,40,465,75,70,False,False,medium,"sturdy, overcoat",https://raw.githubusercontent.com/PokeAPI/sprites/master/sprites/pokemon/other/official-artwork/205.png
206,노고치,dunsparce,2,1.5,14.0,normal,,100,70,70,65,65,45,415,190,70,False,False,medium,"serene-grace, run-away, rattled",https://raw.githubusercontent.com/PokeAPI/sprites/master/sprites/pokemon/other/official-artwork/206.png
207,글라이거,gligar,2,1.1,64.8,ground,flying,65,75,105,35,65,85,430,60,70,False,False,medium-slow,"hyper-cutter, sand-veil, immunity",https://raw.githubusercontent.com/PokeAPI/sprites/master/sprites/pokemon/other/official-artwork/207.png
208,강철톤,steelix,2,9.2,400.0,steel,ground,75,85,200,55,65,30,510,25,70,False,False,medium,"rock-head, sturdy, sheer-force",https://raw.githubusercontent.com/PokeAPI/sprites/master/sprites/pokemon/other/official-artwork/208.png
209,블루,snubbull,2,0.6,7.8,fairy,,60,80,50,40,40,30,300,190,70,False,False,fast,"intimidate, run-away, rattled",https://raw.githubusercontent.com/PokeAPI/sprites/master/sprites/pokemon/other/official-artwork/209.png
210,그랑블루,granbull,2,1.4,48.7,fairy,,90,120,75,60,60,45,450,75,70,False,False,fast,"intimidate, quick-feet, rattled",https://raw.githubusercontent.com/PokeAPI/sprites/master/sprites/pokemon/other/official-artwork/210.png
211,침바루,qwilfish,2,0.5,3.9,water,poison,65,95,85,55,55,85,440,45,70,False,False,medium,"poison-point, swift-swim, intimidate",https://raw.githubusercontent.com/PokeAPI/sprites/master/sprites/pokemon/other/official-artwork/211.png
212,핫삼,scizor,2,1.8,118.0,bug,steel,70,130,100,55,80,65,500,25,70,False,False,medium,"swarm, technician, light-metal",https://raw.githubusercontent.com/PokeAPI/sprites/master/sprites/pokemon/other/official-artwork/212.png
213,단단지,shuckle,2,0.6,20.5,bug,rock,20,10,230,10,230,5,505,190,70,False,False,medium-slow,"sturdy, gluttony, contrary",https://raw.githubusercontent.com/PokeAPI/sprites/master/sprites/pokemon/other/official-artwork/213.png
214,헤라크로스,heracross,2,1.5,54.0,bug,fighting,80,125,75,40,95,85,500,45,70,False,False,slow,"swarm, guts, moxie",https://raw.githubusercontent.com/PokeAPI/sprites/master/sprites/pokemon/other/official-artwork/214.png
215,포푸니,sneasel,2,0.9,28.0,dark,ice,55,95,55,35,75,115,430,60,35,False,False,medium-slow,"inner-focus, keen-eye, pickpocket",https://raw.githubusercontent.com/PokeAPI/sprites/master/sprites/pokemon/other/official-artwork/215.png
216,깜지곰,teddiursa,2,0.6,8.8,normal,,60,80,50,50,50,40,330,120,70,False,False,medium,"pickup, quick-feet, honey-gather",https://raw.githubusercontent.com/PokeAPI/sprites/master/sprites/pokemon/other/official-artwork/216.png
217,링곰,ursaring,2,1.8,125.8,normal,,90,130,75,75,75,55,500,60,70,False,False,medium,"guts, quick-feet, unnerve",https://raw.githubusercontent.com/PokeAPI/sprites/master/sprites/pokemon/other/official-artwork/217.png
218,마그마그,slugma,2,0.7,35.0,fire,,40,40,40,70,40,20,250,190,70,False,False,medium,"magma-armor, flame-body, weak-armor",https://raw.githubusercontent.com/PokeAPI/sprites/master/sprites/pokemon/other/official-artwork/218.png
219,마그카르고,magcargo,2,0.8,55.0,fire,rock,60,50,120,90,80,30,430,75,70,False,False,medium,"magma-armor, flame-body, weak-armor",https://raw.githubusercontent.com/PokeAPI/sprites/master/sprites/pokemon/other/official-artwork/219.png
220,꾸꾸리,swinub,2,0.4,6.5,ice,ground,50,50,40,30,30,50,250,225,70,False,False,slow,"oblivious, snow-cloak, thick-fat",https://raw.githubusercontent.com/PokeAPI/sprites/master/sprites/pokemon/other/official-artwork/220.png
221,메꾸리,piloswine,2,1.1,55.8,ice,ground,100,100,80,60,60,50,450,75,70,False,False,slow,"oblivious, snow-cloak, thick-fat",https://raw.githubusercontent.com/PokeAPI/sprites/master/sprites/pokemon/other/official-artwork/221.png
222,코산호,corsola,2,0.6,5.0,water,rock,65,55,95,65,95,35,410,60,70,False,False,fast,"hustle, natural-cure, regenerator",https://raw.githubusercontent.com/PokeAPI/sprites/master/sprites/pokemon/other/official-artwork/222.png
223,총어,remoraid,2,0.6,12.0,water,,35,65,35,65,35,65,300,190,70,False,False,medium,"hustle, sniper, moody",https://raw.githubusercontent.com/PokeAPI/sprites/master/sprites/pokemon/other/official-artwork/223.png
224,대포무노,octillery,2,0.9,28.5,water,,75,105,75,105,75,45,480,75,70,False,False,medium,"suction-cups, sniper, moody",https://raw.githubusercontent.com/PokeAPI/sprites/master/sprites/pokemon/other/official-artwork/224.png
225,딜리버드,delibird,2,0.9,16.0,ice,flying,45,55,45,65,45,75,330,45,70,False,False,fast,"vital-spirit, hustle, insomnia",https://raw.githubusercontent.com/PokeAPI/sprites/master/sprites/pokemon/other/official-artwork/225.png
226,만타인,mantine,2,2.1,220.0,water,flying,85,40,70,80,140,70,485,25,70,False,False,slow,"swift-swim, water-absorb, water-veil",https://raw.githubusercontent.com/PokeAPI/sprites/master/sprites/pokemon/other/official-artwork/226.png
227,무장조,skarmory,2,1.7,50.5,steel,flying,65,80,140,40,70,70,465,25,70,False,False,slow,"keen-eye, sturdy, weak-armor",https://raw.githubusercontent.com/PokeAPI/sprites/master/sprites/pokemon/other/official-artwork/227.png
228,델빌,houndour,2,0.6,10.8,dark,fire,45,60,30,80,50,65,330,120,35,False,False,slow,"early-bird, flash-fire, unnerve",https://raw.githubusercontent.com/PokeAPI/sprites/master/sprites/pokemon/other/official-artwork/228.png
229,헬가,houndoom,2,1.4,35.0,dark,fire,75,90,50,110,80,95,500,45,35,False,False,slow,"early-bird, flash-fire, unnerve",https://raw.githubusercontent.com/PokeAPI/sprites/master/sprites/pokemon/other/official-artwork/229.png
230,킹드라,kingdra,2,1.8,152.0,water,dragon,75,95,95,95,95,85,540,45,70,False,False,medium,"swift-swim, sniper, damp",https://raw.githubusercontent.com/PokeAPI/sprites/master/sprites/pokemon/other/official-artwork/230.png
231,코코리,phanpy,2,0.5,33.5,ground,,90,60,60,40,40,40,330,120,70,False,False,medium,"pickup, sand-veil",https://raw.githubusercontent.com/PokeAPI/sprites/master/sprites/pokemon/other/official-artwork/231.png
232,코리갑,donphan,2,1.1,120.0,ground,,90,120,120,60,60,50,500,60,70,False,False,medium,"sturdy, sand-veil",https://raw.githubusercontent.com/PokeAPI/sprites/master/sprites/pokemon/other/official-artwork/232.png
233,폴리곤2,porygon2,2,0.6,32.5,normal,,85,80,90,105,95,60,515,45,70,False,False,medium,"trace, download, analytic",https://raw.githubusercontent.com/PokeAPI/sprites/master/sprites/pokemon/other/official-artwork/233.png
234,노라키,stantler,2,1.4,71.2,normal,,73,95,62,85,65,85,465,45,70,False,False,slow,"intimidate, frisk, sap-sipper",https://raw.githubusercontent.com/PokeAPI/sprites/master/sprites/pokemon/other/official-artwork/234.png
235,루브도,smeargle,2,1.2,58.0,normal,,55,20,35,20,45,75,250,45,70,False,False,fast,"own-tempo, technician, moody",https://raw.githubusercontent.com/PokeAPI/sprites/master/sprites/pokemon/other/official-artwork/235.png
236,배루키,tyrogue,2,0.7,21.0,fighting,,35,35,35,35,35,35,210,75,70,False,False,medium,"guts, steadfast, vital-spirit",https://raw.githubusercontent.com/PokeAPI/sprites/master/sprites/pokemon/other/official-artwork/236.png
237,카포에라,hitmontop,2,1.4,48.0,fighting,,50,95,95,35,110,70,455,45,70,False,False,medium,"intimidate, technician, steadfast",https://raw.githubusercontent.com/PokeAPI/sprites/master/sprites/pokemon/other/official-artwork/237.png
238,뽀뽀라,smoochum,2,0.4,6.0,ice,psychic,45,30,15,85,65,65,305,45,70,False,False,medium,"oblivious, forewarn, hydration",https://raw.githubusercontent.com/PokeAPI/sprites/master/sprites/pokemon/other/official-artwork/238.png
239,에레키드,elekid,2,0.6,23.5,electric,,45,63,37,65,55,95,360,45,70,False,False,medium,"static, vital-spirit",https://raw.githubusercontent.com/PokeAPI/sprites/master/sprites/pokemon/other/official-artwork/239.png
240,마그비,magby,2,0.7,21.4,fire,,45,75,37,70,55,83,365,45,70,False,False,medium,"flame-body, vital-spirit",https://raw.githubusercontent.com/PokeAPI/sprites/master/sprites/pokemon/other/official-artwork/240.png
241,밀탱크,miltank,2,1.2,75.5,normal,,95,80,105,40,70,100,490,45,70,False,False,slow,"thick-fat, scrappy, sap-sipper",https://raw.githubusercontent.com/PokeAPI/sprites/master/sprites/pokemon/other/official-artwork/241.png
242,해피너스,blissey,2,1.5,46.8,normal,,255,10,10,75,135,55,540,30,140,False,False,fast,"natural-cure, serene-grace, healer",https://raw.githubusercontent.com/PokeAPI/sprites/master/sprites/pokemon/other/official-artwork/242.png
243,라이코,raikou,2,1.9,178.0,electric,,90,85,75,115,100,115,580,3,35,True,False,slow,"pressure, inner-focus",https://raw.githubusercontent.com/PokeAPI/sprites/master/sprites/pokemon/other/official-artwork/243.png
244,앤테이,entei,2,2.1,198.0,fire,,115,115,85,90,75,100,580,3,35,True,False,slow,"pressure, inner-focus",https://raw.githubusercontent.com/PokeAPI/sprites/master/sprites/pokemon/other/official-artwork/244.png
245,스이쿤,suicune,2,2.0,187.0,water,,100,75,115,90,115,85,580,3,35,True,False,slow,"pressure, inner-focus",https://raw.githubusercontent.com/PokeAPI/sprites/master/sprites/pokemon/other/official-artwork/245.png
246,애버라스,larvitar,2,0.6,72.0,rock,ground,50,64,50,45,50,41,300,45,35,False,False,slow,"guts, sand-veil",https://raw.githubusercontent.com/PokeAPI/sprites/master/sprites/pokemon/other/official-artwork/246.png
247,데기라스,pupitar,2,1.2,152.0,rock,ground,70,84,70,65,70,51,410,45,35,False,False,slow,shed-skin,https://raw.githubusercontent.com/PokeAPI/sprites/master/sprites/pokemon/other/official-artwork/247.png
248,마기라스,tyranitar,2,2.0,202.0,rock,dark,100,134,110,95,100,61,600,45,35,False,False,slow,"sand-stream, unnerve",https://raw.githubusercontent.com/PokeAPI/sprites/master/sprites/pokemon/other/official-artwork/248.png
249,루기아,lugia,2,5.2,216.0,psychic,flying,106,90,130,90,154,110,680,3,0,True,False,slow,"pressure, multiscale",https://raw.githubusercontent.com/PokeAPI/sprites/master/sprites/pokemon/other/official-artwork/249.png
250,칠색조,ho-oh,2,3.8,199.0,fire,flying,106,130,90,110,154,90,680,3,0,True,False,slow,"pressure, regenerator",https://raw.githubusercontent.com/PokeAPI/sprites/master/sprites/pokemon/other/official-artwork/250.png
251,세레비,celebi,2,0.6,5.0,psychic,grass,100,100,100,100,100,100,600,45,100,False,True,medium-slow,natural-cure,https://raw.githubusercontent.com/PokeAPI/sprites/master/sprites/pokemon/other/official-artwork/251.png
252,나무지기,treecko,3,0.5,5.0,grass,,40,45,35,65,55,70,310,45,70,False,False,medium-slow,"overgrow, unburden",https://raw.githubusercontent.com/PokeAPI/sprites/master/sprites/pokemon/other/official-artwork/252.png
253,나무돌이,grovyle,3,0.9,21.6,grass,,50,65,45,85,65,95,405,45,70,False,False,medium-slow,"overgrow, unburden",https://raw.githubusercontent.com/PokeAPI/sprites/master/sprites/pokemon/other/official-artwork/253.png
254,나무킹,sceptile,3,1.7,52.2,grass,,70,85,65,105,85,120,530,45,70,False,False,medium-slow,"overgrow, unburden",https://raw.githubusercontent.com/PokeAPI/sprites/master/sprites/pokemon/other/official-artwork/254.png
255,아차모,torchic,3,0.4,2.5,fire,,45,60,40,70,50,45,310,45,70,False,False,medium-slow,"blaze, speed-boost",https://raw.githubusercontent.com/PokeAPI/sprites/master/sprites/pokemon/other/official-artwork/255.png
256,영치코,combusken,3,0.9,19.5,fire,fighting,60,85,60,85,60,55,405,45,70,False,False,medium-slow,"blaze, speed-boost",https://raw.githubusercontent.com/PokeAPI/sprites/master/sprites/pokemon/other/official-artwork/256.png
257,번치코,blaziken,3,1.9,52.0,fire,fighting,80,120,70,110,70,80,530,45,70,False,False,medium-slow,"blaze, speed-boost",https://raw.githubusercontent.com/PokeAPI/sprites/master/sprites/pokemon/other/official-artwork/257.png
258,물짱이,mudkip,3,0.4,7.6,water,,50,70,50,50,50,40,310,45,70,False,False,medium-slow,"torrent, damp",https://raw.githubusercontent.com/PokeAPI/sprites/master/sprites/pokemon/other/official-artwork/258.png
259,늪짱이,marshtomp,3,0.7,28.0,water,ground,70,85,70,60,70,50,405,45,70,False,False,medium-slow,"torrent, damp",https://raw.githubusercontent.com/PokeAPI/sprites/master/sprites/pokemon/other/official-artwork/259.png
260,대짱이,swampert,3,1.5,81.9,water,ground,100,110,90,85,90,60,535,45,70,False,False,medium-slow,"torrent, damp",https://raw.githubusercontent.com/PokeAPI/sprites/master/sprites/pokemon/other/official-artwork/260.png
261,포챠나,poochyena,3,0.5,13.6,dark,,35,55,35,30,30,35,220,255,70,False,False,medium,"run-away, quick-feet, rattled",https://raw.githubusercontent.com/PokeAPI/sprites/master/sprites/pokemon/other/official-artwork/261.png
262,그라에나,mightyena,3,1.0,37.0,dark,,70,90,70,60,60,70,420,127,70,False,False,medium,"intimidate, quick-feet, moxie",https://raw.githubusercontent.com/PokeAPI/sprites/master/sprites/pokemon/other/official-artwork/262.png
263,지그제구리,zigzagoon,3,0.4,17.5,normal,,38,30,41,30,41,60,240,255,70,False,False,medium,"pickup, gluttony, quick-feet",https://raw.githubusercontent.com/PokeAPI/sprites/master/sprites/pokemon/other/official-artwork/263.png
264,직구리,linoone,3,0.5,32.5,normal,,78,70,61,50,61,100,420,90,70,False,False,medium,"pickup, gluttony, quick-feet",https://raw.githubusercontent.com/PokeAPI/sprites/master/sprites/pokemon/other/official-artwork/264.png
265,개무소,wurmple,3,0.3,3.6,bug,,45,45,35,20,30,20,195,255,70,False,False,medium,"shield-dust, run-away",https://raw.githubusercontent.com/PokeAPI/sprites/master/sprites/pokemon/other/official-artwork/265.png
266,실쿤,silcoon,3,0.6,10.0,bug,,50,35,55,25,25,15,205,120,70,False,False,medium,shed-skin,https://raw.githubusercontent.com/PokeAPI/sprites/master/sprites/pokemon/other/official-artwork/266.png
267,뷰티플라이,beautifly,3,1.0,28.4,bug,flying,60,70,50,100,50,65,395,45,70,False,False,medium,"swarm, rivalry",https://raw.githubusercontent.com/PokeAPI/sprites/master/sprites/pokemon/other/official-artwork/267.png
268,카스쿤,cascoon,3,0.7,11.5,bug,,50,35,55,25,25,15,205,120,70,False,False,medium,shed-skin,https://raw.githubusercontent.com/PokeAPI/sprites/master/sprites/pokemon/other/official-artwork/268.png
269,독케일,dustox,3,1.2,31.6,bug,poison,60,50,70,50,90,65,385,45,70,False,False,medium,"shield-dust, compound-eyes",https://raw.githubusercontent.com/PokeAPI/sprites/master/sprites/pokemon/other/official-artwork/269.png
270,연꽃몬,lotad,3,0.5,2.6,water,grass,40,30,30,40,50,30,220,255,70,False,False,medium-slow,"swift-swim, rain-dish, own-tempo",https://raw.githubusercontent.com/PokeAPI/sprites/master/sprites/pokemon/other/official-artwork/270.png
271,로토스,lombre,3,1.2,32.5,water,grass,60,50,50,60,70,50,340,120,70,False,False,medium-slow,"swift-swim, rain-dish, own-tempo",https://raw.githubusercontent.com/PokeAPI/sprites/master/sprites/pokemon/other/official-artwork/271.png
272,로파파,ludicolo,3,1.5,55.0,water,grass,80,70,70,90,100,70,480,45,70,False,False,medium-slow,"swift-swim, rain-dish, own-tempo",https://raw.githubusercontent.com/PokeAPI/sprites/master/sprites/pokemon/other/official-artwork/272.png
273,도토링,seedot,3,0.5,4.0,grass,,40,40,50,30,30,30,220,255,70,False,False,medium-slow,"chlorophyll, early-bird, pickpocket",https://raw.githubusercontent.com/PokeAPI/sprites/master/sprites/pokemon/other/official-artwork/273.png
274,잎새코,nuzleaf,3,1.0,28.0,grass,dark,70,70,40,60,40,60,340,120,70,False,False,medium-slow,"chlorophyll, early-bird, pickpocket",https://raw.githubusercontent.com/PokeAPI/sprites/master/sprites/pokemon/other/official-artwork/274.png
275,다탱구,shiftry,3,1.3,59.6,grass,dark,90,100,60,90,60,80,480,45,70,False,False,medium-slow,"chlorophyll, wind-rider, pickpocket",https://raw.githubusercontent.com/PokeAPI/sprites/master/sprites/pokemon/other/official-artwork/275.png
276,테일로,taillow,3,0.3,2.3,normal,flying,40,55,30,30,30,85,270,200,70,False,False,medium-slow,"guts, scrappy",https://raw.githubusercontent.com/PokeAPI/sprites/master/sprites/pokemon/other/official-artwork/276.png
277,스왈로,swellow,3,0.7,19.8,normal,flying,60,85,60,75,50,125,455,45,70,False,False,medium-slow,"guts, scrappy",https://raw.githubusercontent.com/PokeAPI/sprites/master/sprites/pokemon/other/official-artwork/277.png
278,갈모매,wingull,3,0.6,9.5,water,flying,40,30,30,55,30,85,270,190,70,False,False,medium,"keen-eye, hydration, rain-dish",https://raw.githubusercontent.com/PokeAPI/sprites/master/sprites/pokemon/other/official-artwork/278.png
279,패리퍼,pelipper,3,1.2,28.0,water,flying,60,50,100,95,70,65,440,45,70,False,False,medium,"keen-eye, drizzle, rain-dish",https://raw.githubusercontent.com/PokeAPI/sprites/master/sprites/pokemon/other/official-artwork/279.png
280,랄토스,ralts,3,0.4,6.6,psychic,fairy,28,25,25,45,35,40,198,235,35,False,False,slow,"synchronize, trace, telepathy",https://raw.githubusercontent.com/PokeAPI/sprites/master/sprites/pokemon/other/official-artwork/280.png
281,킬리아,kirlia,3,0.8,20.2,psychic,fairy,38,35,35,65,55,50,278,120,35,False,False,slow,"synchronize, trace, telepathy",https://raw.githubusercontent.com/PokeAPI/sprites/master/sprites/pokemon/other/official-artwork/281.png
282,가디안,gardevoir,3,1.6,48.4,psychic,fairy,68,65,65,125,115,80,518,45,35,False,False,slow,"synchronize, trace, telepathy",https://raw.githubusercontent.com/PokeAPI/sprites/master/sprites/pokemon/other/official-artwork/282.png
283,비구술,surskit,3,0.5,1.7,bug,water,40,30,32,50,52,65,269,200,70,False,False,medium,"swift-swim, rain-dish",https://raw.githubusercontent.com/PokeAPI/sprites/master/sprites/pokemon/other/official-artwork/283.png
284,비나방,masquerain,3,0.8,3.6,bug,flying,70,60,62,100,82,80,454,75,70,False,False,medium,"intimidate, unnerve",https://raw.githubusercontent.com/PokeAPI/sprites/master/sprites/pokemon/other/official-artwork/284.png
285,버섯꼬,shroomish,3,0.4,4.5,grass,,60,40,60,40,60,35,295,255,70,False,False,fast-then-very-slow,"effect-spore, poison-heal, quick-feet",https://raw.githubusercontent.com/PokeAPI/sprites/master/sprites/pokemon/other/official-artwork/285.png
286,버섯모,breloom,3,1.2,39.2,grass,fighting,60,130,80,60,60,70,460,90,70,False,False,fast-then-very-slow,"effect-spore, poison-heal, technician",https://raw.githubusercontent.com/PokeAPI/sprites/master/sprites/pokemon/other/official-artwork/286.png
287,게을로,slakoth,3,0.8,24.0,normal,,60,60,60,35,35,30,280,255,70,False,False,slow,truant,https://raw.githubusercontent.com/PokeAPI/sprites/master/sprites/pokemon/other/official-artwork/287.png
288,발바로,vigoroth,3,1.4,46.5,normal,,80,80,80,55,55,90,440,120,70,False,False,slow,vital-spirit,https://raw.githubusercontent.com/PokeAPI/sprites/master/sprites/pokemon/other/official-artwork/288.png
289,게을킹,slaking,3,2.0,130.5,normal,,150,160,100,95,65,100,670,45,70,False,False,slow,truant,https://raw.githubusercontent.com/PokeAPI/sprites/master/sprites/pokemon/other/official-artwork/289.png
290,토중몬,nincada,3,0.5,5.5,bug,ground,31,45,90,30,30,40,266,255,70,False,False,slow-then-very-fast,"compound-eyes, run-away",https://raw.githubusercontent.com/PokeAPI/sprites/master/sprites/pokemon/other/official-artwork/290.png
291,아이스크,ninjask,3,0.8,12.0,bug,flying,61,90,45,50,50,160,456,120,70,False,False,slow-then-very-fast,"speed-boost, infiltrator",https://raw.githubusercontent.com/PokeAPI/sprites/master/sprites/pokemon/other/official-artwork/291.png
292,껍질몬,shedinja,3,0.8,1.2,bug,ghost,1,90,45,30,30,40,236,45,70,False,False,slow-then-very-fast,wonder-guard,https://raw.githubusercontent.com/PokeAPI/sprites/master/sprites/pokemon/other/official-artwork/292.png
293,소곤룡,whismur,3,0.6,16.3,normal,,64,51,23,51,23,28,240,190,70,False,False,medium-slow,"soundproof, rattled",https://raw.githubusercontent.com/PokeAPI/sprites/master/sprites/pokemon/other/official-artwork/293.png
294,노공룡,loudred,3,1.0,40.5,normal,,84,71,43,71,43,48,360,120,70,False,False,medium-slow,"soundproof, scrappy",https://raw.githubusercontent.com/PokeAPI/sprites/master/sprites/pokemon/other/official-artwork/294.png
295,폭음룡,exploud,3,1.5,84.0,normal,,104,91,63,91,73,68,490,45,70,False,False,medium-slow,"soundproof, scrappy",https://raw.githubusercontent.com/PokeAPI/sprites/master/sprites/pokemon/other/official-artwork/295.png
296,마크탕,makuhita,3,1.0,86.4,fighting,,72,60,30,20,30,25,237,180,70,False,False,fast-then-very-slow,"thick-fat, guts, sheer-force",https://raw.githubusercontent.com/PokeAPI/sprites/master/sprites/pokemon/other/official-artwork/296.png
297,하리뭉,hariyama,3,2.3,253.8,fighting,,144,120,60,40,60,50,474,200,70,False,False,fast-then-very-slow,"thick-fat, guts, sheer-force",https://raw.githubusercontent.com/PokeAPI/sprites/master/sprites/pokemon/other/official-artwork/297.png
298,루리리,azurill,3,0.2,2.0,normal,fairy,50,20,40,20,40,20,190,150,70,False,False,fast,"thick-fat, huge-power, sap-sipper",https://raw.githubusercontent.com/PokeAPI/sprites/master/sprites/pokemon/other/official-artwork/298.png
299,코코파스,nosepass,3,1.0,97.0,rock,,30,45,135,45,90,30,375,255,70,False,False,medium,"sturdy, magnet-pull, sand-force",https://raw.githubusercontent.com/PokeAPI/sprites/master/sprites/pokemon/other/official-artwork/299.png
300,에나비,skitty,3,0.6,11.0,normal,,50,45,45,35,35,50,260,255,70,False,False,fast,"cute-charm, normalize, wonder-skin",https://raw.githubusercontent.com/PokeAPI/sprites/master/sprites/pokemon/other/official-artwork/300.png
301,델케티,delcatty,3,1.1,32.6,normal,,70,65,65,55,55,90,400,60,70,False,False,fast,"cute-charm, normalize, wonder-skin",https://raw.githubusercontent.com/PokeAPI/sprites/master/sprites/pokemon/other/official-artwork/301.png
302,깜까미,sableye,3,0.5,11.0,dark,ghost,50,75,75,65,65,50,380,45,35,False,False,medium-slow,"keen-eye, stall, prankster",https://raw.githubusercontent.com/PokeAPI/sprites/master/sprites/pokemon/other/official-artwork/302.png
303,입치트,mawile,3,0.6,11.5,steel,fairy,50,85,85,55,55,50,380,45,70,False,False,fast,"hyper-cutter, intimidate, sheer-force",https://raw.githubusercontent.com/PokeAPI/sprites/master/sprites/pokemon/other/official-artwork/303.png
304,가보리,aron,3,0.4,60.0,steel,rock,50,70,100,40,40,30,330,180,35,False,False,slow,"sturdy, rock-head, heavy-metal",https://raw.githubusercontent.com/PokeAPI/sprites/master/sprites/pokemon/other/official-artwork/304.png
305,갱도라,lairon,3,0.9,120.0,steel,rock,60,90,140,50,50,40,430,90,35,False,False,slow,"sturdy, rock-head, heavy-metal",https://raw.githubusercontent.com/PokeAPI/sprites/master/sprites/pokemon/other/official-artwork/305.png
306,보스로라,aggron,3,2.1,360.0,steel,rock,70,110,180,60,60,50,530,45,35,False,False,slow,"sturdy, rock-head, heavy-metal",https://raw.githubusercontent.com/PokeAPI/sprites/master/sprites/pokemon/other/official-artwork/306.png
307,요가랑,meditite,3,0.6,11.2,fighting,psychic,30,40,55,40,55,60,280,180,70,False,False,medium,"pure-power, telepathy",https://raw.githubusercontent.com/PokeAPI/sprites/master/sprites/pokemon/other/official-artwork/307.png
308,요가램,medicham,3,1.3,31.5,fighting,psychic,60,60,75,60,75,80,410,90,70,False,False,medium,"pure-power, telepathy",https://raw.githubusercontent.com/PokeAPI/sprites/master/sprites/pokemon/other/official-artwork/308.png
309,썬더라이,electrike,3,0.6,15.2,electric,,40,45,40,65,40,65,295,120,70,False,False,slow,"static, lightning-rod, minus",https://raw.githubusercontent.com/PokeAPI/sprites/master/sprites/pokemon/other/official-artwork/309.png
310,썬더볼트,manectric,3,1.5,40.2,electric,,70,75,60,105,60,105,475,45,70,False,False,slow,"static, lightning-rod, minus",https://raw.githubusercontent.com/PokeAPI/sprites/master/sprites/pokemon/other/official-artwork/310.png
311,플러시,plusle,3,0.4,4.2,electric,,60,50,40,85,75,95,405,200,70,False,False,medium,"plus, lightning-rod",https://raw.githubusercontent.com/PokeAPI/sprites/master/sprites/pokemon/other/official-artwork/311.png
312,마이농,minun,3,0.4,4.2,electric,,60,40,50,75,85,95,405,200,70,False,False,medium,"minus, volt-absorb",https://raw.githubusercontent.com/PokeAPI/sprites/master/sprites/pokemon/other/official-artwork/312.png
313,볼비트,volbeat,3,0.7,17.7,bug,,65,73,75,47,85,85,430,150,70,False,False,slow-then-very-fast,"illuminate, swarm, prankster",https://raw.githubusercontent.com/PokeAPI/sprites/master/sprites/pokemon/other/official-artwork/313.png
314,네오비트,illumise,3,0.6,17.7,bug,,65,47,75,73,85,85,430,150,70,False,False,fast-then-very-slow,"oblivious, tinted-lens, prankster",https://raw.githubusercontent.com/PokeAPI/sprites/master/sprites/pokemon/other/official-artwork/314.png
315,로젤리아,roselia,3,0.3,2.0,grass,poison,50,60,45,100,80,65,400,150,70,False,False,medium-slow,"natural-cure, poison-point, leaf-guard",https://raw.githubusercontent.com/PokeAPI/sprites/master/sprites/pokemon/other/official-artwork/315.png
316,꼴깍몬,gulpin,3,0.4,10.3,poison,,70,43,53,43,53,40,302,225,70,False,False,fast-then-very-slow,"liquid-ooze, sticky-hold, gluttony",https://raw.githubusercontent.com/PokeAPI/sprites/master/sprites/pokemon/other/official-artwork/316.png
317,꿀꺽몬,swalot,3,1.7,80.0,poison,,100,73,83,73,83,55,467,75,70,False,False,fast-then-very-slow,"liquid-ooze, sticky-hold, gluttony",https://raw.githubusercontent.com/PokeAPI/sprites/master/sprites/pokemon/other/official-artwork/317.png
318,샤프니아,carvanha,3,0.8,20.8,water,dark,45,90,20,65,20,65,305,225,35,False,False,slow,"rough-skin, speed-boost",https://raw.githubusercontent.com/PokeAPI/sprites/master/sprites/pokemon/other/official-artwork/318.png
319,샤크니아,sharpedo,3,1.8,88.8,water,dark,70,120,40,95,40,95,460,60,35,False,False,slow,"rough-skin, speed-boost",https://raw.githubusercontent.com/PokeAPI/sprites/master/sprites/pokemon/other/official-artwork/319.png
320,고래왕자,wailmer,3,2.0,130.0,water,,130,70,35,70,35,60,400,125,70,False,False,fast-then-very-slow,"water-veil, oblivious, pressure",https://raw.githubusercontent.com/PokeAPI/sprites/master/sprites/pokemon/other/official-artwork/320.png
321,고래왕,wailord,3,14.5,398.0,water,,170,90,45,90,45,60,500,60,70,False,False,fast-then-very-slow,"water-veil, oblivious, pressure",https://raw.githubusercontent.com/PokeAPI/sprites/master/sprites/pokemon/other/official-artwork/321.png
322,둔타,numel,3,0.7,24.0,fire,ground,60,60,40,65,45,35,305,255,70,False,False,medium,"oblivious, simple, own-tempo",https://raw.githubusercontent.com/PokeAPI/sprites/master/sprites/pokemon/other/official-artwork/322.png
323,폭타,camerupt,3,1.9,220.0,fire,ground,70,100,70,105,75,40,460,150,70,False,False,medium,"magma-armor, solid-rock, anger-point",https://raw.githubusercontent.com/PokeAPI/sprites/master/sprites/pokemon/other/official-artwork/323.png
324,코터스,torkoal,3,0.5,80.4,fire,,70,85,140,85,70,20,470,90,70,False,False,medium,"white-smoke, drought, shell-armor",https://raw.githubusercontent.com/PokeAPI/sprites/master/sprites/pokemon/other/official-artwork/324.png
325,피그점프,spoink,3,0.7,30.6,psychic,,60,25,35,70,80,60,330,255,70,False,False,fast,"thick-fat, own-tempo, gluttony",https://raw.githubusercontent.com/PokeAPI/sprites/master/sprites/pokemon/other/official-artwork/325.png
326,피그킹,grumpig,3,0.9,71.5,psychic,,80,45,65,90,110,80,470,60,70,False,False,fast,"thick-fat, own-tempo, gluttony",https://raw.githubusercontent.com/PokeAPI/sprites/master/sprites/pokemon/other/official-artwork/326.png
327,얼루기,spinda,3,1.1,5.0,normal,,60,60,60,60,60,60,360,255,70,False,False,fast,"own-tempo, tangled-feet, contrary",https://raw.githubusercontent.com/PokeAPI/sprites/master/sprites/pokemon/other/official-artwork/327.png
328,톱치,trapinch,3,0.7,15.0,ground,,45,100,45,45,45,10,290,255,70,False,False,medium-slow,"hyper-cutter, arena-trap, sheer-force",https://raw.githubusercontent.com/PokeAPI/sprites/master/sprites/pokemon/other/official-artwork/328.png
329,비브라바,vibrava,3,1.1,15.3,ground,dragon,50,70,50,50,50,70,340,120,70,False,False,medium-slow,levitate,https://raw.githubusercontent.com/PokeAPI/sprites/master/sprites/pokemon/other/official-artwork/329.png
330,플라이곤,flygon,3,2.0,82.0,ground,dragon,80,100,80,80,80,100,520,45,70,False,False,medium-slow,levitate,https://raw.githubusercontent.com/PokeAPI/sprites/master/sprites/pokemon/other/official-artwork/330.png
331,선인왕,cacnea,3,0.4,51.3,grass,,50,85,40,85,40,35,335,190,35,False,False,medium-slow,"sand-veil, water-absorb",https://raw.githubusercontent.com/PokeAPI/sprites/master/sprites/pokemon/other/official-artwork/331.png
332,밤선인,cacturne,3,1.3,77.4,grass,dark,70,115,60,115,60,55,475,60,35,False,False,medium-slow,"sand-veil, water-absorb",https://raw.githubusercontent.com/PokeAPI/sprites/master/sprites/pokemon/other/official-artwork/332.png
333,파비코,swablu,3,0.4,1.2,normal,flying,45,40,60,40,75,50,310,255,70,False,False,slow-then-very-fast,"natural-cure, cloud-nine",https://raw.githubusercontent.com/PokeAPI/sprites/master/sprites/pokemon/other/official-artwork/333.png
334,파비코리,altaria,3,1.1,20.6,dragon,flying,75,70,90,70,105,80,490,45,70,False,False,slow-then-very-fast,"natural-cure, cloud-nine",https://raw.githubusercontent.com/PokeAPI/sprites/master/sprites/pokemon/other/official-artwork/334.png
335,쟝고,zangoose,3,1.3,40.3,normal,,73,115,60,60,60,90,458,90,70,False,False,slow-then-very-fast,"immunity, toxic-boost",https://raw.githubusercontent.com/PokeAPI/sprites/master/sprites/pokemon/other/official-artwork/335.png
336,세비퍼,seviper,3,2.7,52.5,poison,,73,100,60,100,60,65,458,90,70,False,False,fast-then-very-slow,"shed-skin, infiltrator",https://raw.githubusercontent.com/PokeAPI/sprites/master/sprites/pokemon/other/official-artwork/336.png
337,루나톤,lunatone,3,1.0,168.0,rock,psychic,90,55,65,95,85,70,460,45,70,False,False,fast,levitate,https://raw.githubusercontent.com/PokeAPI/sprites/master/sprites/pokemon/other/official-artwork/337.png
338,솔록,solrock,3,1.2,154.0,rock,psychic,90,95,85,55,65,70,460,45,70,False,False,fast,levitate,https://raw.githubusercontent.com/PokeAPI/sprites/master/sprites/pokemon/other/official-artwork/338.png
339,미꾸리,barboach,3,0.4,1.9,water,ground,50,48,43,46,41,60,288,190,70,False,False,medium,"oblivious, anticipation, hydration",https://raw.githubusercontent.com/PokeAPI/sprites/master/sprites/pokemon/other/official-artwork/339.png
340,메깅,whiscash,3,0.9,23.6,water,ground,110,78,73,76,71,60,468,75,70,False,False,medium,"oblivious, anticipation, hydration",https://raw.githubusercontent.com/PokeAPI/sprites/master/sprites/pokemon/other/official-artwork/340.png
341,가재군,corphish,3,0.6,11.5,water,,43,80,65,50,35,35,308,205,70,False,False,fast-then-very-slow,"hyper-cutter, shell-armor, adaptability",https://raw.githubusercontent.com/PokeAPI/sprites/master/sprites/pokemon/other/official-artwork/341.png
342,가재장군,crawdaunt,3,1.1,32.8,water,dark,63,120,85,90,55,55,468,155,70,False,False,fast-then-very-slow,"hyper-cutter, shell-armor, adaptability",https://raw.githubusercontent.com/PokeAPI/sprites/master/sprites/pokemon/other/official-artwork/342.png
343,오뚝군,baltoy,3,0.5,21.5,ground,psychic,40,40,55,40,70,55,300,255,70,False,False,medium,levitate,https://raw.githubusercontent.com/PokeAPI/sprites/master/sprites/pokemon/other/official-artwork/343.png
344,점토도리,claydol,3,1.5,108.0,ground,psychic,60,70,105,70,120,75,500,90,70,False,False,medium,levitate,https://raw.githubusercontent.com/PokeAPI/sprites/master/sprites/pokemon/other/official-artwork/344.png
345,릴링,lileep,3,1.0,23.8,rock,grass,66,41,77,61,87,23,355,45,70,False,False,slow-then-very-fast,"suction-cups, storm-drain",https://raw.githubusercontent.com/PokeAPI/sprites/master/sprites/pokemon/other/official-artwork/345.png
346,릴리요,cradily,3,1.5,60.4,rock,grass,86,81,97,81,107,43,495,45,70,False,False,slow-then-very-fast,"suction-cups, storm-drain",https://raw.githubusercontent.com/PokeAPI/sprites/master/sprites/pokemon/other/official-artwork/346.png
347,아노딥스,anorith,3,0.7,12.5,rock,bug,45,95,50,40,50,75,355,45,70,False,False,slow-then-very-fast,"battle-armor, swift-swim",https://raw.githubusercontent.com/PokeAPI/sprites/master/sprites/pokemon/other/official-artwork/347.png
348,아말도,armaldo,3,1.5,68.2,rock,bug,75,125,100,70,80,45,495,45,70,False,False,slow-then-very-fast,"battle-armor, swift-swim",https://raw.githubusercontent.com/PokeAPI/sprites/master/sprites/pokemon/other/official-artwork/348.png
349,빈티나,feebas,3,0.6,7.4,water,,20,15,20,10,55,80,200,255,70,False,False,slow-then-very-fast,"swift-swim, oblivious, adaptability",https://raw.githubusercontent.com/PokeAPI/sprites/master/sprites/pokemon/other/official-artwork/349.png
350,밀로틱,milotic,3,6.2,162.0,water,,95,60,79,100,125,81,540,60,70,False,False,slow-then-very-fast,"marvel-scale, competitive, cute-charm",https://raw.githubusercontent.com/PokeAPI/sprites/master/sprites/pokemon/other/official-artwork/350.png
351,캐스퐁,castform,3,0.3,0.8,normal,,70,70,70,70,70,70,420,45,70,False,False,medium,forecast,https://raw.githubusercontent.com/PokeAPI/sprites/master/sprites/pokemon/other/official-artwork/351.png
352,켈리몬,kecleon,3,1.0,22.0,normal,,60,90,70,60,120,40,440,200,70,False,False,medium-slow,"color-change, protean",https://raw.githubusercontent.com/PokeAPI/sprites/master/sprites/pokemon/other/official-artwork/352.png
353,어둠대신,shuppet,3,0.6,2.3,ghost,,44,75,35,63,33,45,295,225,35,False,False,fast,"insomnia, frisk, cursed-body",https://raw.githubusercontent.com/PokeAPI/sprites/master/sprites/pokemon/other/official-artwork/353.png
354,다크펫,banette,3,1.1,12.5,ghost,,64,115,65,83,63,65,455,45,35,False,False,fast,"insomnia, frisk, cursed-body",https://raw.githubusercontent.com/PokeAPI/sprites/master/sprites/pokemon/other/official-artwork/354.png
355,해골몽,duskull,3,0.8,15.0,ghost,,20,40,90,30,90,25,295,190,35,False,False,fast,"levitate, frisk",https://raw.githubusercontent.com/PokeAPI/sprites/master/sprites/pokemon/other/official-artwork/355.png
356,미라몽,dusclops,3,1.6,30.6,ghost,,40,70,130,60,130,25,455,90,35,False,False,fast,"pressure, frisk",https://raw.githubusercontent.com/PokeAPI/sprites/master/sprites/pokemon/other/official-artwork/356.png
357,트로피우스,tropius,3,2.0,100.0,grass,flying,99,68,83,72,87,51,460,200,70,False,False,slow,"chlorophyll, solar-power, harvest",https://raw.githubusercontent.com/PokeAPI/sprites/master/sprites/pokemon/other/official-artwork/357.png
358,치렁,chimecho,3,0.6,1.0,psychic,,75,50,80,95,90,65,455,45,70,False,False,fast,levitate,https://raw.githubusercontent.com/PokeAPI/sprites/master/sprites/pokemon/other/official-artwork/358.png
359,앱솔,absol,3,1.2,47.0,dark,,65,130,60,75,60,75,465,30,35,False,False,medium-slow,"pressure, super-luck, justified",https://raw.githubusercontent.com/PokeAPI/sprites/master/sprites/pokemon/other/official-artwork/359.png
360,마자,wynaut,3,0.6,14.0,psychic,,95,23,48,23,48,23,260,125,70,False,False,medium,"shadow-tag, telepathy",https://raw.githubusercontent.com/PokeAPI/sprites/master/sprites/pokemon/other/official-artwork/360.png
361,눈꼬마,snorunt,3,0.7,16.8,ice,,50,50,50,50,50,50,300,190,70,False,False,medium,"inner-focus, ice-body, moody",https://raw.githubusercontent.com/PokeAPI/sprites/master/sprites/pokemon/other/official-artwork/361.png
362,얼음귀신,glalie,3,1.5,256.5,ice,,80,80,80,80,80,80,480,75,70,False,False,medium,"inner-focus, ice-body, moody",https://raw.githubusercontent.com/PokeAPI/sprites/master/sprites/pokemon/other/official-artwork/362.png
363,대굴레오,spheal,3,0.8,39.5,ice,water,70,40,50,55,50,25,290,255,70,False,False,medium-slow,"thick-fat, ice-body, oblivious",https://raw.githubusercontent.com/PokeAPI/sprites/master/sprites/pokemon/other/official-artwork/363.png
364,씨레오,sealeo,3,1.1,87.6,ice,water,90,60,70,75,70,45,410,120,70,False,False,medium-slow,"thick-fat, ice-body, oblivious",https://raw.githubusercontent.com/PokeAPI/sprites/master/sprites/pokemon/other/official-artwork/364.png
365,씨카이저,walrein,3,1.4,150.6,ice,water,110,80,90,95,90,65,530,45,70,False,False,medium-slow,"thick-fat, ice-body, oblivious",https://raw.githubusercontent.com/PokeAPI/sprites/master/sprites/pokemon/other/official-artwork/365.png
366,진주몽,clamperl,3,0.4,52.5,water,,35,64,85,74,55,32,345,255,70,False,False,slow-then-very-fast,"shell-armor, rattled",https://raw.githubusercontent.com/PokeAPI/sprites/master/sprites/pokemon/other/official-artwork/366.png
367,헌테일,huntail,3,1.7,27.0,water,,55,104,105,94,75,52,485,60,70,False,False,slow-then-very-fast,"swift-swim, water-veil",https://raw.githubusercontent.com/PokeAPI/sprites/master/sprites/pokemon/other/official-artwork/367.png
368,분홍장이,gorebyss,3,1.8,22.6,water,,55,84,105,114,75,52,485,60,70,False,False,slow-then-very-fast,"swift-swim, hydration",https://raw.githubusercontent.com/PokeAPI/sprites/master/sprites/pokemon/other/official-artwork/368.png
369,시라칸,relicanth,3,1.0,23.4,water,rock,100,90,130,45,65,55,485,25,70,False,False,slow,"swift-swim, rock-head, sturdy",https://raw.githubusercontent.com/PokeAPI/sprites/master/sprites/pokemon/other/official-artwork/369.png
370,사랑동이,luvdisc,3,0.6,8.7,water,,43,30,55,40,65,97,330,225,70,False,False,fast,"swift-swim, hydration",https://raw.githubusercontent.com/PokeAPI/sprites/master/sprites/pokemon/other/official-artwork/370.png
371,아공이,bagon,3,0.6,42.1,dragon,,45,75,60,40,30,50,300,45,35,False,False,slow,"rock-head, sheer-force",https://raw.githubusercontent.com/PokeAPI/sprites/master/sprites/pokemon/other/official-artwork/371.png
372,쉘곤,shelgon,3,1.1,110.5,dragon,,65,95,100,60,50,50,420,45,35,False,False,slow,"rock-head, overcoat",https://raw.githubusercontent.com/PokeAPI/sprites/master/sprites/pokemon/other/official-artwork/372.png
373,보만다,salamence,3,1.5,102.6,dragon,flying,95,135,80,110,80,100,600,45,35,False,False,slow,"intimidate, moxie",https://raw.githubusercontent.com/PokeAPI/sprites/master/sprites/pokemon/other/official-artwork/373.png
374,메탕,beldum,3,0.6,95.2,steel,psychic,40,55,80,35,60,30,300,3,35,False,False,slow,"clear-body, light-metal",https://raw.githubusercontent.com/PokeAPI/sprites/master/sprites/pokemon/other/official-artwork/374.png
375,메탕구,metang,3,1.2,202.5,steel,psychic,60,75,100,55,80,50,420,3,35,False,False,slow,"clear-body, light-metal",https://raw.githubusercontent.com/PokeAPI/sprites/master/sprites/pokemon/other/official-artwork/375.png
376,메타그로스,metagross,3,1.6,550.0,steel,psychic,80,135,130,95,90,70,600,3,35,False,False,slow,"clear-body, light-metal",https://raw.githubusercontent.com/PokeAPI/sprites/master/sprites/pokemon/other/official-artwork/376.png
377,레지락,regirock,3,1.7,230.0,rock,,80,100,200,50,100,50,580,3,35,True,False,slow,"clear-body, sturdy",https://raw.githubusercontent.com/PokeAPI/sprites/master/sprites/pokemon/other/official-artwork/377.png
378,레지아이스,regice,3,1.8,175.0,ice,,80,50,100,100,200,50,580,3,35,True,False,slow,"clear-body, ice-body",https://raw.githubusercontent.com/PokeAPI/sprites/master/sprites/pokemon/other/official-artwork/378.png
379,레지스틸,registeel,3,1.9,205.0,steel,,80,75,150,75,150,50,580,3,35,True,False,slow,"clear-body, light-metal",https://raw.githubusercontent.com/PokeAPI/sprites/master/sprites/pokemon/other/official-artwork/379.png
380,라티아스,latias,3,1.4,40.0,dragon,psychic,80,80,90,110,130,110,600,3,90,True,False,slow,levitate,https://raw.githubusercontent.com/PokeAPI/sprites/master/sprites/pokemon/other/official-artwork/380.png
381,라티오스,latios,3,2.0,60.0,dragon,psychic,80,90,80,130,110,110,600,3,90,True,False,slow,levitate,https://raw.githubusercontent.com/PokeAPI/sprites/master/sprites/pokemon/other/official-artwork/381.png
382,가이오가,kyogre,3,4.5,352.0,water,,100,100,90,150,140,90,670,3,0,True,False,slow,drizzle,https://raw.githubusercontent.com/PokeAPI/sprites/master/sprites/pokemon/other/official-artwork/382.png
383,그란돈,groudon,3,3.5,950.0,ground,,100,150,140,100,90,90,670,3,0,True,False,slow,drought,https://raw.githubusercontent.com/PokeAPI/sprites/master/sprites/pokemon/other/official-artwork/383.png
384,레쿠쟈,rayquaza,3,7.0,206.5,dragon,flying,105,150,90,150,90,95,680,45,0,True,False,slow,air-lock,https://raw.githubusercontent.com/PokeAPI/sprites/master/sprites/pokemon/other/official-artwork/384.png
385,지라치,jirachi,3,0.3,1.1,steel,psychic,100,100,100,100,100,100,600,3,100,False,True,slow,serene-grace,https://raw.githubusercontent.com/PokeAPI/sprites/master/sprites/pokemon/other/official-artwork/385.png
386,테오키스,deoxys-normal,3,1.7,60.8,psychic,,50,150,50,150,50,150,600,3,0,False,True,slow,pressure,https://raw.githubusercontent.com/PokeAPI/sprites/master/sprites/pokemon/other/official-artwork/386.png
387,모부기,turtwig,4,0.4,10.2,grass,,55,68,64,45,55,31,318,45,70,False,False,medium-slow,"overgrow, shell-armor",https://raw.githubusercontent.com/PokeAPI/sprites/master/sprites/pokemon/other/official-artwork/387.png
388,수풀부기,grotle,4,1.1,97.0,grass,,75,89,85,55,65,36,405,45,70,False,False,medium-slow,"overgrow, shell-armor",https://raw.githubusercontent.com/PokeAPI/sprites/master/sprites/pokemon/other/official-artwork/388.png
389,토대부기,torterra,4,2.2,310.0,grass,ground,95,109,105,75,85,56,525,45,70,False,False,medium-slow,"overgrow, shell-armor",https://raw.githubusercontent.com/PokeAPI/sprites/master/sprites/pokemon/other/official-artwork/389.png
390,불꽃숭이,chimchar,4,0.5,6.2,fire,,44,58,44,58,44,61,309,45,70,False,False,medium-slow,"blaze, iron-fist",https://raw.githubusercontent.com/PokeAPI/sprites/master/sprites/pokemon/other/official-artwork/390.png
391,파이숭이,monferno,4,0.9,22.0,fire,fighting,64,78,52,78,52,81,405,45,70,False,False,medium-slow,"blaze, iron-fist",https://raw.githubusercontent.com/PokeAPI/sprites/master/sprites/pokemon/other/official-artwork/391.png
392,초염몽,infernape,4,1.2,55.0,fire,fighting,76,104,71,104,71,108,534,45,70,False,False,medium-slow,"blaze, iron-fist",https://raw.githubusercontent.com/PokeAPI/sprites/master/sprites/pokemon/other/official-artwork/392.png
393,팽도리,piplup,4,0.4,5.2,water,,53,51,53,61,56,40,314,45,70,False,False,medium-slow,"torrent, competitive",https://raw.githubusercontent.com/PokeAPI/sprites/master/sprites/pokemon/other/official-artwork/393.png
394,팽태자,prinplup,4,0.8,23.0,water,,64,66,68,81,76,50,405,45,70,False,False,medium-slow,"torrent, competitive",https://raw.githubusercontent.com/PokeAPI/sprites/master/sprites/pokemon/other/official-artwork/394.png
395,엠페르트,empoleon,4,1.7,84.5,water,steel,84,86,88,111,101,60,530,45,70,False,False,medium-slow,"torrent, competitive",https://raw.githubusercontent.com/PokeAPI/sprites/master/sprites/pokemon/other/official-artwork/395.png
396,찌르꼬,starly,4,0.3,2.0,normal,flying,40,55,30,30,30,60,245,255,70,False,False,medium-slow,"keen-eye, reckless",https://raw.githubusercontent.com/PokeAPI/sprites/master/sprites/pokemon/other/official-artwork/396.png
397,찌르버드,staravia,4,0.6,15.5,normal,flying,55,75,50,40,40,80,340,120,70,False,False,medium-slow,"intimidate, reckless",https://raw.githubusercontent.com/PokeAPI/sprites/master/sprites/pokemon/other/official-artwork/397.png
398,찌르호크,staraptor,4,1.2,24.9,normal,flying,85,120,70,50,60,100,485,45,70,False,False,medium-slow,"intimidate, reckless",https://raw.githubusercontent.com/PokeAPI/sprites/master/sprites/pokemon/other/official-artwork/398.png
399,비버니,bidoof,4,0.5,20.0,normal,,59,45,40,35,40,31,250,255,70,False,False,medium,"simple, unaware, moody",https://raw.githubusercontent.com/PokeAPI/sprites/master/sprites/pokemon/other/official-artwork/399.png
400,비버통,bibarel,4,1.0,31.5,normal,water,79,85,60,55,60,71,410,127,70,False,False,medium,"simple, unaware, moody",https://raw.githubusercontent.com/PokeAPI/sprites/master/sprites/pokemon/other/official-artwork/400.png
401,귀뚤뚜기,kricketot,4,0.3,2.2,bug,,37,25,41,25,41,25,194,255,70,False,False,medium-slow,"shed-skin, run-away",https://raw.githubusercontent.com/PokeAPI/sprites/master/sprites/pokemon/other/official-artwork/401.png
402,귀뚤톡크,kricketune,4,1.0,25.5,bug,,77,85,51,55,51,65,384,45,70,False,False,medium-slow,"swarm, technician",https://raw.githubusercontent.com/PokeAPI/sprites/master/sprites/pokemon/other/official-artwork/402.png
403,꼬링크,shinx,4,0.5,9.5,electric,,45,65,34,40,34,45,263,235,70,False,False,medium-slow,"rivalry, intimidate, guts",https://raw.githubusercontent.com/PokeAPI/sprites/master/sprites/pokemon/other/official-artwork/403.png
404,럭시오,luxio,4,0.9,30.5,electric,,60,85,49,60,49,60,363,120,100,False,False,medium-slow,"rivalry, intimidate, guts",https://raw.githubusercontent.com/PokeAPI/sprites/master/sprites/pokemon/other/official-artwork/404.png
405,렌트라,luxray,4,1.4,42.0,electric,,80,120,79,95,79,70,523,45,70,False,False,medium-slow,"rivalry, intimidate, guts",https://raw.githubusercontent.com/PokeAPI/sprites/master/sprites/pokemon/other/official-artwork/405.png
406,꼬몽울,budew,4,0.2,1.2,grass,poison,40,30,35,50,70,55,280,255,70,False,False,medium-slow,"natural-cure, poison-point, leaf-guard",https://raw.githubusercontent.com/PokeAPI/sprites/master/sprites/pokemon/other/official-artwork/406.png
407,로즈레이드,roserade,4,0.9,14.5,grass,poison,60,70,65,125,105,90,515,75,70,False,False,medium-slow,"natural-cure, poison-point, technician",https://raw.githubusercontent.com/PokeAPI/sprites/master/sprites/pokemon/other/official-artwork/407.png
408,두개도스,cranidos,4,0.9,31.5,rock,,67,125,40,30,30,58,350,45,70,False,False,slow-then-very-fast,"mold-breaker, sheer-force",https://raw.githubusercontent.com/PokeAPI/sprites/master/sprites/pokemon/other/official-artwork/408.png
409,램펄드,rampardos,4,1.6,102.5,rock,,97,165,60,65,50,58,495,45,70,False,False,slow-then-very-fast,"mold-breaker, sheer-force",https://raw.githubusercontent.com/PokeAPI/sprites/master/sprites/pokemon/other/official-artwork/409.png
410,방패톱스,shieldon,4,0.5,57.0,rock,steel,30,42,118,42,88,30,350,45,70,False,False,slow-then-very-fast,"sturdy, soundproof",https://raw.githubusercontent.com/PokeAPI/sprites/master/sprites/pokemon/other/official-artwork/410.png
411,바리톱스,bastiodon,4,1.3,149.5,rock,steel,60,52,168,47,138,30,495,45,70,False,False,slow-then-very-fast,"sturdy, soundproof",https://raw.githubusercontent.com/PokeAPI/sprites/master/sprites/pokemon/other/official-artwork/411.png
412,도롱충이,burmy,4,0.2,3.4,bug,,40,29,45,29,45,36,224,120,70,False,False,medium,"shed-skin, overcoat",https://raw.githubusercontent.com/PokeAPI/sprites/master/sprites/pokemon/other/official-artwork/412.png
413,도롱마담,wormadam-plant,4,0.5,6.5,bug,grass,60,59,85,79,105,36,424,45,70,False,False,medium,"anticipation, overcoat",https://raw.githubusercontent.com/PokeAPI/sprites/master/sprites/pokemon/other/official-artwork/413.png
414,나메일,mothim,4,0.9,23.3,bug,flying,70,94,50,94,50,66,424,45,70,False,False,medium,"swarm, tinted-lens",https://raw.githubusercontent.com/PokeAPI/sprites/master/sprites/pokemon/other/official-artwork/414.png
415,세꿀버리,combee,4,0.3,5.5,bug,flying,30,30,42,30,42,70,244,120,70,False,False,medium-slow,"honey-gather, hustle",https://raw.githubusercontent.com/PokeAPI/sprites/master/sprites/pokemon/other/official-artwork/415.png
416,비퀸,vespiquen,4,1.2,38.5,bug,flying,70,80,102,80,102,40,474,45,70,False,False,medium-slow,"pressure, unnerve",https://raw.githubusercontent.com/PokeAPI/sprites/master/sprites/pokemon/other/official-artwork/416.png
417,파치리스,pachirisu,4,0.4,3.9,electric,,60,45,70,45,90,95,405,200,100,False,False,medium,"run-away, pickup, volt-absorb",https://raw.githubusercontent.com/PokeAPI/sprites/master/sprites/pokemon/other/official-artwork/417.png
418,브이젤,buizel,4,0.7,29.5,water,,55,65,35,60,30,85,330,190,70,False,False,medium,"swift-swim, water-veil",https://raw.githubusercontent.com/PokeAPI/sprites/master/sprites/pokemon/other/official-artwork/418.png
419,플로젤,floatzel,4,1.1,33.5,water,,85,105,55,85,50,115,495,75,70,False,False,medium,"swift-swim, water-veil",https://raw.githubusercontent.com/PokeAPI/sprites/master/sprites/pokemon/other/official-artwork/419.png
420,체리버,cherubi,4,0.4,3.3,grass,,45,35,45,62,53,35,275,190,70,False,False,medium,chlorophyll,https://raw.githubusercontent.com/PokeAPI/sprites/master/sprites/pokemon/other/official-artwork/420.png
421,체리꼬,cherrim,4,0.5,9.3,grass,,70,60,70,87,78,85,450,75,70,False,False,medium,flower-gift,https://raw.githubusercontent.com/PokeAPI/sprites/master/sprites/pokemon/other/official-artwork/421.png
422,깝질무,shellos,4,0.3,6.3,water,,76,48,48,57,62,34,325,190,70,False,False,medium,"sticky-hold, storm-drain, sand-force",https://raw.githubusercontent.com/PokeAPI/sprites/master/sprites/pokemon/other/official-artwork/422.png
423,트리토돈,gastrodon,4,0.9,29.9,water,ground,111,83,68,92,82,39,475,75,70,False,False,medium,"sticky-hold, storm-drain, sand-force",https://raw.githubusercontent.com/PokeAPI/sprites/master/sprites/pokemon/other/official-artwork/423.png
424,겟핸보숭,ambipom,4,1.2,20.3,normal,,75,100,66,60,66,115,482,45,100,False,False,fast,"technician, pickup, skill-link",https://raw.githubusercontent.com/PokeAPI/sprites/master/sprites/pokemon/other/official-artwork/424.png
425,흔들풍손,drifloon,4,0.4,1.2,ghost,flying,90,50,34,60,44,70,348,125,70,False,False,fast-then-very-slow,"aftermath, unburden, flare-boost",https://raw.githubusercontent.com/PokeAPI/sprites/master/sprites/pokemon/other/official-artwork/425.png
426,둥실라이드,drifblim,4,1.2,15.0,ghost,flying,150,80,44,90,54,80,498,60,70,False,False,fast-then-very-slow,"aftermath, unburden, flare-boost",https://raw.githubusercontent.com/PokeAPI/sprites/master/sprites/pokemon/other/official-artwork/426.png
427,이어롤,buneary,4,0.4,5.5,normal,,55,66,44,44,56,85,350,190,0,False,False,medium,"run-away, klutz, limber",https://raw.githubusercontent.com/PokeAPI/sprites/master/sprites/pokemon/other/official-artwork/427.png
428,이어롭,lopunny,4,1.2,33.3,normal,,65,76,84,54,96,105,480,60,140,False,False,medium,"cute-charm, klutz, limber",https://raw.githubusercontent.com/PokeAPI/sprites/master/sprites/pokemon/other/official-artwork/428.png
429,무우마직,mismagius,4,0.9,4.4,ghost,,60,60,60,105,105,105,495,45,35,False,False,fast,levitate,https://raw.githubusercontent.com/PokeAPI/sprites/master/sprites/pokemon/other/official-artwork/429.png
430,돈크로우,honchkrow,4,0.9,27.3,dark,flying,100,125,52,105,52,71,505,30,35,False,False,medium-slow,"insomnia, super-luck, moxie",https://raw.githubusercontent.com/PokeAPI/sprites/master/sprites/pokemon/other/official-artwork/430.png
431,나옹마,glameow,4,0.5,3.9,normal,,49,55,42,42,37,85,310,190,70,False,False,fast,"limber, own-tempo, keen-eye",https://raw.githubusercontent.com/PokeAPI/sprites/master/sprites/pokemon/other/official-artwork/431.png
432,몬냥이,purugly,4,1.0,43.8,normal,,71,82,64,64,59,112,452,75,70,False,False,fast,"thick-fat, own-tempo, defiant",https://raw.githubusercontent.com/PokeAPI/sprites/master/sprites/pokemon/other/official-artwork/432.png
433,랑딸랑,chingling,4,0.2,0.6,psychic,,45,30,50,65,50,45,285,120,70,False,False,fast,levitate,https://raw.githubusercontent.com/PokeAPI/sprites/master/sprites/pokemon/other/official-artwork/433.png
434,스컹뿡,stunky,4,0.4,19.2,poison,dark,63,63,47,41,41,74,329,225,70,False,False,medium,"stench, aftermath, keen-eye",https://raw.githubusercontent.com/PokeAPI/sprites/master/sprites/pokemon/other/official-artwork/434.png
435,스컹탱크,skuntank,4,1.0,38.0,poison,dark,103,93,67,71,61,84,479,60,70,False,False,medium,"stench, aftermath, keen-eye",https://raw.githubusercontent.com/PokeAPI/sprites/master/sprites/pokemon/other/official-artwork/435.png
436,동미러,bronzor,4,0.5,60.5,steel,psychic,57,24,86,24,86,23,300,255,70,False,False,medium,"levitate, heatproof, heavy-metal",https://raw.githubusercontent.com/PokeAPI/sprites/master/sprites/pokemon/other/official-artwork/436.png
437,동탁군,bronzong,4,1.3,187.0,steel,psychic,67,89,116,79,116,33,500,90,70,False,False,medium,"levitate, heatproof, heavy-metal",https://raw.githubusercontent.com/PokeAPI/sprites/master/sprites/pokemon/other/official-artwork/437.png
438,꼬지지,bonsly,4,0.5,15.0,rock,,50,80,95,10,45,10,290,255,70,False,False,medium,"sturdy, rock-head, rattled",https://raw.githubusercontent.com/PokeAPI/sprites/master/sprites/pokemon/other/official-artwork/438.png
439,흉내내,mime-jr,4,0.6,13.0,psychic,fairy,20,25,45,70,90,60,310,145,70,False,False,medium,"soundproof, filter, technician",https://raw.githubusercontent.com/PokeAPI/sprites/master/sprites/pokemon/other/official-artwork/439.png
440,핑복,happiny,4,0.6,24.4,normal,,100,5,5,15,65,30,220,130,140,False,False,fast,"natural-cure, serene-grace, friend-guard",https://raw.githubusercontent.com/PokeAPI/sprites/master/sprites/pokemon/other/official-artwork/440.png
441,페라페,chatot,4,0.5,1.9,normal,flying,76,65,45,92,42,91,411,30,35,False,False,medium-slow,"keen-eye, tangled-feet, big-pecks",https://raw.githubusercontent.com/PokeAPI/sprites/master/sprites/pokemon/other/official-artwork/441.png
442,화강돌,spiritomb,4,1.0,108.0,ghost,dark,50,92,108,92,108,35,485,100,70,False,False,medium,"pressure, infiltrator",https://raw.githubusercontent.com/PokeAPI/sprites/master/sprites/pokemon/other/official-artwork/442.png
443,딥상어동,gible,4,0.7,20.5,dragon,ground,58,70,45,40,45,42,300,45,70,False,False,slow,"sand-veil, rough-skin",https://raw.githubusercontent.com/PokeAPI/sprites/master/sprites/pokemon/other/official-artwork/443.png
444,한바이트,gabite,4,1.4,56.0,dragon,ground,68,90,65,50,55,82,410,45,70,False,False,slow,"sand-veil, rough-skin",https://raw.githubusercontent.com/PokeAPI/sprites/master/sprites/pokemon/other/official-artwork/444.png
445,한카리아스,garchomp,4,1.9,95.0,dragon,ground,108,130,95,80,85,102,600,45,70,False,False,slow,"sand-veil, rough-skin",https://raw.githubusercontent.com/PokeAPI/sprites/master/sprites/pokemon/other/official-artwork/445.png
446,먹고자,munchlax,4,0.6,105.0,normal,,135,85,40,40,85,5,390,50,70,False,False,slow,"pickup, thick-fat, gluttony",https://raw.githubusercontent.com/PokeAPI/sprites/master/sprites/pokemon/other/official-artwork/446.png
447,리오르,riolu,4,0.7,20.2,fighting,,40,70,40,35,40,60,285,75,70,False,False,medium-slow,"steadfast, inner-focus, prankster",https://raw.githubusercontent.com/PokeAPI/sprites/master/sprites/pokemon/other/official-artwork/447.png
448,루카리오,lucario,4,1.2,54.0,fighting,steel,70,110,70,115,70,90,525,45,70,False,False,medium-slow,"steadfast, inner-focus, justified",https://raw.githubusercontent.com/PokeAPI/sprites/master/sprites/pokemon/other/official-artwork/448.png
449,히포포타스,hippopotas,4,0.8,49.5,ground,,68,72,78,38,42,32,330,140,70,False,False,slow,"sand-stream, sand-force",https://raw.githubusercontent.com/PokeAPI/sprites/master/sprites/pokemon/other/official-artwork/449.png
450,하마돈,hippowdon,4,2.0,300.0,ground,,108,112,118,68,72,47,525,60,70,False,False,slow,"sand-stream, sand-force",https://raw.githubusercontent.com/PokeAPI/sprites/master/sprites/pokemon/other/official-artwork/450.png
451,스콜피,skorupi,4,0.8,12.0,poison,bug,40,50,90,30,55,65,330,120,70,False,False,slow,"battle-armor, sniper, keen-eye",https://raw.githubusercontent.com/PokeAPI/sprites/master/sprites/pokemon/other/official-artwork/451.png
452,드래피온,drapion,4,1.3,61.5,poison,dark,70,90,110,60,75,95,500,45,70,False,False,slow,"battle-armor, sniper, keen-eye",https://raw.githubusercontent.com/PokeAPI/sprites/master/sprites/pokemon/other/official-artwork/452.png
453,삐딱구리,croagunk,4,0.7,23.0,poison,fighting,48,61,40,61,40,50,300,140,100,False,False,medium,"anticipation, dry-skin, poison-touch",https://raw.githubusercontent.com/PokeAPI/sprites/master/sprites/pokemon/other/official-artwork/453.png
454,독개굴,toxicroak,4,1.3,44.4,poison,fighting,83,106,65,86,65,85,490,75,70,False,False,medium,"anticipation, dry-skin, poison-touch",https://raw.githubusercontent.com/PokeAPI/sprites/master/sprites/pokemon/other/official-artwork/454.png
455,무스틈니,carnivine,4,1.4,27.0,grass,,74,100,72,90,72,46,454,200,70,False,False,slow,levitate,https://raw.githubusercontent.com/PokeAPI/sprites/master/sprites/pokemon/other/official-artwork/455.png
456,형광어,finneon,4,0.4,7.0,water,,49,49,56,49,61,66,330,190,70,False,False,slow-then-very-fast,"swift-swim, storm-drain, water-veil",https://raw.githubusercontent.com/PokeAPI/sprites/master/sprites/pokemon/other/official-artwork/456.png
457,네오라이트,lumineon,4,1.2,24.0,water,,69,69,76,69,86,91,460,75,70,False,False,slow-then-very-fast,"swift-swim, storm-drain, water-veil",https://raw.githubusercontent.com/PokeAPI/sprites/master/sprites/pokemon/other/official-artwork/457.png
458,타만타,mantyke,4,1.0,65.0,water,flying,45,20,50,60,120,50,345,25,70,False,False,slow,"swift-swim, water-absorb, water-veil",https://raw.githubusercontent.com/PokeAPI/sprites/master/sprites/pokemon/other/official-artwork/458.png
459,눈쓰개,snover,4,1.0,50.5,grass,ice,60,62,50,62,60,40,334,120,70,False,False,slow,"snow-warning, soundproof",https://raw.githubusercontent.com/PokeAPI/sprites/master/sprites/pokemon/other/official-artwork/459.png
460,눈설왕,abomasnow,4,2.2,135.5,grass,ice,90,92,75,92,85,60,494,60,70,False,False,slow,"snow-warning, soundproof",https://raw.githubusercontent.com/PokeAPI/sprites/master/sprites/pokemon/other/official-artwork/460.png
461,포푸니라,weavile,4,1.1,34.0,dark,ice,70,120,65,45,85,125,510,45,35,False,False,medium-slow,"pressure, pickpocket",https://raw.githubusercontent.com/PokeAPI/sprites/master/sprites/pokemon/other/official-artwork/461.png
462,자포코일,magnezone,4,1.2,180.0,electric,steel,70,70,115,130,90,60,535,30,70,False,False,medium,"magnet-pull, sturdy, analytic",https://raw.githubusercontent.com/PokeAPI/sprites/master/sprites/pokemon/other/official-artwork/462.png
463,내룸벨트,lickilicky,4,1.7,140.0,normal,,110,85,95,80,95,50,515,30,70,False,False,medium,"own-tempo, oblivious, cloud-nine",https://raw.githubusercontent.com/PokeAPI/sprites/master/sprites/pokemon/other/official-artwork/463.png
464,거대코뿌리,rhyperior,4,2.4,282.8,ground,rock,115,140,130,55,55,40,535,30,70,False,False,slow,"lightning-rod, solid-rock, reckless",https://raw.githubusercontent.com/PokeAPI/sprites/master/sprites/pokemon/other/official-artwork/464.png
465,덩쿠림보,tangrowth,4,2.0,128.6,grass,,100,100,125,110,50,50,535,30,70,False,False,medium,"chlorophyll, leaf-guard, regenerator",https://raw.githubusercontent.com/PokeAPI/sprites/master/sprites/pokemon/other/official-artwork/465.png
466,에레키블,electivire,4,1.8,138.6,electric,,75,123,67,95,85,95,540,30,70,False,False,medium,"motor-drive, vital-spirit",https://raw.githubusercontent.com/PokeAPI/sprites/master/sprites/pokemon/other/official-artwork/466.png
467,마그마번,magmortar,4,1.6,68.0,fire,,75,95,67,125,95,83,540,30,70,False,False,medium,"flame-body, vital-spirit",https://raw.githubusercontent.com/PokeAPI/sprites/master/sprites/pokemon/other/official-artwork/467.png
468,토게키스,togekiss,4,1.5,38.0,fairy,flying,85,50,95,120,115,80,545,30,70,False,False,fast,"hustle, serene-grace, super-luck",https://raw.githubusercontent.com/PokeAPI/sprites/master/sprites/pokemon/other/official-artwork/468.png
469,메가자리,yanmega,4,1.9,51.5,bug,flying,86,76,86,116,56,95,515,30,70,False,False,medium,"speed-boost, tinted-lens, frisk",https://raw.githubusercontent.com/PokeAPI/sprites/master/sprites/pokemon/other/official-artwork/469.png
470,리피아,leafeon,4,1.0,25.5,grass,,65,110,130,60,65,95,525,45,35,False,False,medium,"leaf-guard, chlorophyll",https://raw.githubusercontent.com/PokeAPI/sprites/master/sprites/pokemon/other/official-artwork/470.png
471,글레이시아,glaceon,4,0.8,25.9,ice,,65,60,110,130,95,65,525,45,35,False,False,medium,"snow-cloak, ice-body",https://raw.githubusercontent.com/PokeAPI/sprites/master/sprites/pokemon/other/official-artwork/471.png
472,글라이온,gliscor,4,2.0,42.5,ground,flying,75,95,125,45,75,95,510,30,70,False,False,medium-slow,"hyper-cutter, sand-veil, poison-heal",https://raw.githubusercontent.com/PokeAPI/sprites/master/sprites/pokemon/other/official-artwork/472.png
473,맘모꾸리,mamoswine,4,2.5,291.0,ice,ground,110,130,80,70,60,80,530,50,70,False,False,slow,"oblivious, snow-cloak, thick-fat",https://raw.githubusercontent.com/PokeAPI/sprites/master/sprites/pokemon/other/official-artwork/473.png
474,폴리곤Z,porygon-z,4,0.9,34.0,normal,,85,80,70,135,75,90,535,30,70,False,False,medium,"adaptability, download, analytic",https://raw.githubusercontent.com/PokeAPI/sprites/master/sprites/pokemon/other/official-artwork/474.png
475,엘레이드,gallade,4,1.6,52.0,psychic,fighting,68,125,65,65,115,80,518,45,35,False,False,slow,"steadfast, sharpness, justified",https://raw.githubusercontent.com/PokeAPI/sprites/master/sprites/pokemon/other/official-artwork/475.png
476,대코파스,probopass,4,1.4,340.0,rock,steel,60,55,145,75,150,40,525,60,70,False,False,medium,"sturdy, magnet-pull, sand-force",https://raw.githubusercontent.com/PokeAPI/sprites/master/sprites/pokemon/other/official-artwork/476.png
477,야느와르몽,dusknoir,4,2.2,106.6,ghost,,45,100,135,65,135,45,525,45,35,False,False,fast,"pressure, frisk",https://raw.githubusercontent.com/PokeAPI/sprites/master/sprites/pokemon/other/official-artwork/477.png
478,눈여아,froslass,4,1.3,26.6,ice,ghost,70,80,70,80,70,110,480,75,70,False,False,medium,"snow-cloak, cursed-body",https://raw.githubusercontent.com/PokeAPI/sprites/master/sprites/pokemon/other/official-artwork/478.png
479,로토무,rotom,4,0.3,0.3,electric,ghost,50,50,77,95,77,91,440,45,70,False,False,medium,levitate,https://raw.githubusercontent.com/PokeAPI/sprites/master/sprites/pokemon/other/official-artwork/479.png
480,유크시,uxie,4,0.3,0.3,psychic,,75,75,130,75,130,95,580,3,140,True,False,slow,levitate,https://raw.githubusercontent.com/PokeAPI/sprites/master/sprites/pokemon/other/official-artwork/480.png
481,엠라이트,mesprit,4,0.3,0.3,psychic,,80,105,105,105,105,80,580,3,140,True,False,slow,levitate,https://raw.githubusercontent.com/PokeAPI/sprites/master/sprites/pokemon/other/official-artwork/481.png
482,아그놈,azelf,4,0.3,0.3,psychic,,75,125,70,125,70,115,580,3,140,True,False,slow,levitate,https://raw.githubusercontent.com/PokeAPI/sprites/master/sprites/pokemon/other/official-artwork/482.png
483,디아루가,dialga,4,5.4,683.0,steel,dragon,100,120,120,150,100,90,680,3,0,True,False,slow,"pressure, telepathy",https://raw.githubusercontent.com/PokeAPI/sprites/master/sprites/pokemon/other/official-artwork/483.png
484,펄기아,palkia,4,4.2,336.0,water,dragon,90,120,100,150,120,100,680,3,0,True,False,slow,"pressure, telepathy",https://raw.githubusercontent.com/PokeAPI/sprites/master/sprites/pokemon/other/official-artwork/484.png
485,히드런,heatran,4,1.7,430.0,fire,steel,91,90,106,130,106,77,600,3,100,True,False,slow,"flash-fire, flame-body",https://raw.githubusercontent.com/PokeAPI/sprites/master/sprites/pokemon/other/official-artwork/485.png
486,레지기가스,regigigas,4,3.7,420.0,normal,,110,160,110,80,110,100,670,3,0,True,False,slow,slow-start,https://raw.githubusercontent.com/PokeAPI/sprites/master/sprites/pokemon/other/official-artwork/486.png
487,기라티나,giratina-altered,4,4.5,750.0,ghost,dragon,150,100,120,100,120,90,680,3,0,True,False,slow,"pressure, telepathy",https://raw.githubusercontent.com/PokeAPI/sprites/master/sprites/pokemon/other/official-artwork/487.png
488,크레세리아,cresselia,4,1.5,85.6,psychic,,120,70,110,75,120,85,580,3,100,True,False,slow,levitate,https://raw.githubusercontent.com/PokeAPI/sprites/master/sprites/pokemon/other/official-artwork/488.png
489,피오네,phione,4,0.4,3.1,water,,80,80,80,80,80,80,480,30,70,False,True,slow,hydration,https://raw.githubusercontent.com/PokeAPI/sprites/master/sprites/pokemon/other/official-artwork/489.png
490,마나피,manaphy,4,0.3,1.4,water,,100,100,100,100,100,100,600,3,70,False,True,slow,hydration,https://raw.githubusercontent.com/PokeAPI/sprites/master/sprites/pokemon/other/official-artwork/490.png
491,다크라이,darkrai,4,1.5,50.5,dark,,70,90,90,135,90,125,600,3,0,False,True,slow,bad-dreams,https://raw.githubusercontent.com/PokeAPI/sprites/master/sprites/pokemon/other/official-artwork/491.png
492,쉐이미,shaymin-land,4,0.2,2.1,grass,,100,100,100,100,100,100,600,45,100,False,True,medium-slow,natural-cure,https://raw.githubusercontent.com/PokeAPI/sprites/master/sprites/pokemon/other/official-artwork/492.png
493,아르세우스,arceus,4,3.2,320.0,normal,,120,120,120,120,120,120,720,3,0,False,True,slow,multitype,https://raw.githubusercontent.com/PokeAPI/sprites/master/sprites/pokemon/other/official-artwork/493.png
494,비크티니,victini,5,0.4,4.0,psychic,fire,100,100,100,100,100,100,600,3,100,False,True,slow,victory-star,https://raw.githubusercontent.com/PokeAPI/sprites/master/sprites/pokemon/other/official-artwork/494.png
495,주리비얀,snivy,5,0.6,8.1,grass,,45,45,55,45,55,63,308,45,70,False,False,medium-slow,"overgrow, contrary",https://raw.githubusercontent.com/PokeAPI/sprites/master/sprites/pokemon/other/official-artwork/495.png
496,샤비,servine,5,0.8,16.0,grass,,60,60,75,60,75,83,413,45,70,False,False,medium-slow,"overgrow, contrary",https://raw.githubusercontent.com/PokeAPI/sprites/master/sprites/pokemon/other/official-artwork/496.png
497,샤로다,serperior,5,3.3,63.0,grass,,75,75,95,75,95,113,528,45,70,False,False,medium-slow,"overgrow, contrary",https://raw.githubusercontent.com/PokeAPI/sprites/master/sprites/pokemon/other/official-artwork/497.png
498,뚜꾸리,tepig,5,0.5,9.9,fire,,65,63,45,45,45,45,308,45,70,False,False,medium-slow,"blaze, thick-fat",https://raw.githubusercontent.com/PokeAPI/sprites/master/sprites/pokemon/other/official-artwork/498.png
499,차오꿀,pignite,5,1.0,55.5,fire,fighting,90,93,55,70,55,55,418,45,70,False,False,medium-slow,"blaze, thick-fat",https://raw.githubusercontent.com/PokeAPI/sprites/master/sprites/pokemon/other/official-artwork/499.png
500,염무왕,emboar,5,1.6,150.0,fire,fighting,110,123,65,100,65,65,528,45,70,False,False,medium-slow,"blaze, reckless",https://raw.githubusercontent.com/PokeAPI/sprites/master/sprites/pokemon/other/official-artwork/500.png
501,수댕이,oshawott,5,0.5,5.9,water,,55,55,45,63,45,45,308,45,70,False,False,medium-slow,"torrent, shell-armor",https://raw.githubusercontent.com/PokeAPI/sprites/master/sprites/pokemon/other/official-artwork/501.png
502,쌍검자비,dewott,5,0.8,24.5,water,,75,75,60,83,60,60,413,45,70,False,False,medium-slow,"torrent, shell-armor",https://raw.githubusercontent.com/PokeAPI/sprites/master/sprites/pokemon/other/official-artwork/502.png
503,대검귀,samurott,5,1.5,94.6,water,,95,100,85,108,70,70,528,45,70,False,False,medium-slow,"torrent, shell-armor",https://raw.githubusercontent.com/PokeAPI/sprites/master/sprites/pokemon/other/official-artwork/503.png
504,보르쥐,patrat,5,0.5,11.6,normal,,45,55,39,35,39,42,255,255,70,False,False,medium,"run-away, keen-eye, analytic",https://raw.githubusercontent.com/PokeAPI/sprites/master/sprites/pokemon/other/official-artwork/504.png
505,보르그,watchog,5,1.1,27.0,normal,,60,85,69,60,69,77,420,255,70,False,False,medium,"illuminate, keen-eye, analytic",https://raw.githubusercontent.com/PokeAPI/sprites/master/sprites/pokemon/other/official-artwork/505.png
506,요테리,lillipup,5,0.4,4.1,normal,,45,60,45,25,45,55,275,255,70,False,False,medium-slow,"vital-spirit, pickup, run-away",https://raw.githubusercontent.com/PokeAPI/sprites/master/sprites/pokemon/other/official-artwork/506.png
507,하데리어,herdier,5,0.9,14.7,normal,,65,80,65,35,65,60,370,120,70,False,False,medium-slow,"intimidate, sand-rush, scrappy",https://raw.githubusercontent.com/PokeAPI/sprites/master/sprites/pokemon/other/official-artwork/507.png
508,바랜드,stoutland,5,1.2,61.0,normal,,85,110,90,45,90,80,500,45,70,False,False,medium-slow,"intimidate, sand-rush, scrappy",https://raw.githubusercontent.com/PokeAPI/sprites/master/sprites/pokemon/other/official-artwork/508.png
509,쌔비냥,purrloin,5,0.4,10.1,dark,,41,50,37,50,37,66,281,255,70,False,False,medium,"limber, unburden, prankster",https://raw.githubusercontent.com/PokeAPI/sprites/master/sprites/pokemon/other/official-artwork/509.png
510,레파르다스,liepard,5,1.1,37.5,dark,,64,88,50,88,50,106,446,90,70,False,False,medium,"limber, unburden, prankster",https://raw.githubusercontent.com/PokeAPI/sprites/master/sprites/pokemon/other/official-artwork/510.png
511,야나프,pansage,5,0.6,10.5,grass,,50,53,48,53,48,64,316,190,70,False,False,medium,"gluttony, overgrow",https://raw.githubusercontent.com/PokeAPI/sprites/master/sprites/pokemon/other/official-artwork/511.png
512,야나키,simisage,5,1.1,30.5,grass,,75,98,63,98,63,101,498,75,70,False,False,medium,"gluttony, overgrow",https://raw.githubusercontent.com/PokeAPI/sprites/master/sprites/pokemon/other/official-artwork/512.png
513,바오프,pansear,5,0.6,11.0,fire,,50,53,48,53,48,64,316,190,70,False,False,medium,"gluttony, blaze",https://raw.githubusercontent.com/PokeAPI/sprites/master/sprites/pokemon/other/official-artwork/513.png
514,바오키,simisear,5,1.0,28.0,fire,,75,98,63,98,63,101,498,75,70,False,False,medium,"gluttony, blaze",https://raw.githubusercontent.com/PokeAPI/sprites/master/sprites/pokemon/other/official-artwork/514.png
515,앗차프,panpour,5,0.6,13.5,water,,50,53,48,53,48,64,316,190,70,False,False,medium,"gluttony, torrent",https://raw.githubusercontent.com/PokeAPI/sprites/master/sprites/pokemon/other/official-artwork/515.png
516,앗차키,simipour,5,1.0,29.0,water,,75,98,63,98,63,101,498,75,70,False,False,medium,"gluttony, torrent",https://raw.githubusercontent.com/PokeAPI/sprites/master/sprites/pokemon/other/official-artwork/516.png
517,몽나,munna,5,0.6,23.3,psychic,,76,25,45,67,55,24,292,190,70,False,False,fast,"forewarn, synchronize, telepathy",https://raw.githubusercontent.com/PokeAPI/sprites/master/sprites/pokemon/other/official-artwork/517.png
518,몽얌나,musharna,5,1.1,60.5,psychic,,116,55,85,107,95,29,487,75,70,False,False,fast,"forewarn, synchronize, telepathy",https://raw.githubusercontent.com/PokeAPI/sprites/master/sprites/pokemon/other/official-artwork/518.png
519,콩둘기,pidove,5,0.3,2.1,normal,flying,50,55,50,36,30,43,264,255,70,False,False,medium-slow,"big-pecks, super-luck, rivalry",https://raw.githubusercontent.com/PokeAPI/sprites/master/sprites/pokemon/other/official-artwork/519.png
520,유토브,tranquill,5,0.6,15.0,normal,flying,62,77,62,50,42,65,358,120,70,False,False,medium-slow,"big-pecks, super-luck, rivalry",https://raw.githubusercontent.com/PokeAPI/sprites/master/sprites/pokemon/other/official-artwork/520.png
521,켄호로우,unfezant,5,1.2,29.0,normal,flying,80,115,80,65,55,93,488,45,70,False,False,medium-slow,"big-pecks, super-luck, rivalry",https://raw.githubusercontent.com/PokeAPI/sprites/master/sprites/pokemon/other/official-artwork/521.png
522,줄뮤마,blitzle,5,0.8,29.8,electric,,45,60,32,50,32,76,295,190,70,False,False,medium,"lightning-rod, motor-drive, sap-sipper",https://raw.githubusercontent.com/PokeAPI/sprites/master/sprites/pokemon/other/official-artwork/522.png
523,제브라이카,zebstrika,5,1.6,79.5,electric,,75,100,63,80,63,116,497,75,70,False,False,medium,"lightning-rod, motor-drive, sap-sipper",https://raw.githubusercontent.com/PokeAPI/sprites/master/sprites/pokemon/other/official-artwork/523.png
524,단굴,roggenrola,5,0.4,18.0,rock,,55,75,85,25,25,15,280,255,70,False,False,medium-slow,"sturdy, weak-armor, sand-force",https://raw.githubusercontent.com/PokeAPI/sprites/master/sprites/pokemon/other/official-artwork/524.png
525,암트르,boldore,5,0.9,102.0,rock,,70,105,105,50,40,20,390,120,70,False,False,medium-slow,"sturdy, weak-armor, sand-force",https://raw.githubusercontent.com/PokeAPI/sprites/master/sprites/pokemon/other/official-artwork/525.png
526,기가이어스,gigalith,5,1.7,260.0,rock,,85,135,130,60,80,25,515,45,70,False,False,medium-slow,"sturdy, sand-stream, sand-force",https://raw.githubusercontent.com/PokeAPI/sprites/master/sprites/pokemon/other/official-artwork/526.png
527,또르박쥐,woobat,5,0.4,2.1,psychic,flying,65,45,43,55,43,72,323,190,70,False,False,medium,"unaware, klutz, simple",https://raw.githubusercontent.com/PokeAPI/sprites/master/sprites/pokemon/other/official-artwork/527.png
528,맘박쥐,swoobat,5,0.9,10.5,psychic,flying,67,57,55,77,55,114,425,45,70,False,False,medium,"unaware, klutz, simple",https://raw.githubusercontent.com/PokeAPI/sprites/master/sprites/pokemon/other/official-artwork/528.png
529,두더류,drilbur,5,0.3,8.5,ground,,60,85,40,30,45,68,328,120,70,False,False,medium,"sand-rush, sand-force, mold-breaker",https://raw.githubusercontent.com/PokeAPI/sprites/master/sprites/pokemon/other/official-artwork/529.png
530,몰드류,excadrill,5,0.7,40.4,ground,steel,110,135,60,50,65,88,508,60,70,False,False,medium,"sand-rush, sand-force, mold-breaker",https://raw.githubusercontent.com/PokeAPI/sprites/master/sprites/pokemon/other/official-artwork/530.png
531,다부니,audino,5,1.1,31.0,normal,,103,60,86,60,86,50,445,255,70,False,False,fast,"healer, regenerator, klutz",https://raw.githubusercontent.com/PokeAPI/sprites/master/sprites/pokemon/other/official-artwork/531.png
532,으랏차,timburr,5,0.6,12.5,fighting,,75,80,55,25,35,35,305,180,70,False,False,medium-slow,"guts, sheer-force, iron-fist",https://raw.githubusercontent.com/PokeAPI/sprites/master/sprites/pokemon/other/official-artwork/532.png
533,토쇠골,gurdurr,5,1.2,40.0,fighting,,85,105,85,40,50,40,405,90,70,False,False,medium-slow,"guts, sheer-force, iron-fist",https://raw.githubusercontent.com/PokeAPI/sprites/master/sprites/pokemon/other/official-artwork/533.png
534,노보청,conkeldurr,5,1.4,87.0,fighting,,105,140,95,55,65,45,505,45,70,False,False,medium-slow,"guts, sheer-force, iron-fist",https://raw.githubusercontent.com/PokeAPI/sprites/master/sprites/pokemon/other/official-artwork/534.png
535,동챙이,tympole,5,0.5,4.5,water,,50,50,40,50,40,64,294,255,70,False,False,medium-slow,"swift-swim, hydration, water-absorb",https://raw.githubusercontent.com/PokeAPI/sprites/master/sprites/pokemon/other/official-artwork/535.png
536,두까비,palpitoad,5,0.8,17.0,water,ground,75,65,55,65,55,69,384,120,70,False,False,medium-slow,"swift-swim, hydration, water-absorb",https://raw.githubusercontent.com/PokeAPI/sprites/master/sprites/pokemon/other/official-artwork/536.png
537,두빅굴,seismitoad,5,1.5,62.0,water,ground,105,95,75,85,75,74,509,45,70,False,False,medium-slow,"swift-swim, poison-touch, water-absorb",https://raw.githubusercontent.com/PokeAPI/sprites/master/sprites/pokemon/other/official-artwork/537.png
538,던지미,throh,5,1.3,55.5,fighting,,120,100,85,30,85,45,465,45,70,False,False,medium,"guts, inner-focus, mold-breaker",https://raw.githubusercontent.com/PokeAPI/sprites/master/sprites/pokemon/other/official-artwork/538.png
539,타격귀,sawk,5,1.4,51.0,fighting,,75,125,75,30,75,85,465,45,70,False,False,medium,"sturdy, inner-focus, mold-breaker",https://raw.githubusercontent.com/PokeAPI/sprites/master/sprites/pokemon/other/official-artwork/539.png
540,두르보,sewaddle,5,0.3,2.5,bug,grass,45,53,70,40,60,42,310,255,70,False,False,medium-slow,"swarm, chlorophyll, overcoat",https://raw.githubusercontent.com/PokeAPI/sprites/master/sprites/pokemon/other/official-artwork/540.png
541,두르쿤,swadloon,5,0.5,7.3,bug,grass,55,63,90,50,80,42,380,120,70,False,False,medium-slow,"leaf-guard, chlorophyll, overcoat",https://raw.githubusercontent.com/PokeAPI/sprites/master/sprites/pokemon/other/official-artwork/541.png
542,모아머,leavanny,5,1.2,20.5,bug,grass,75,103,80,70,80,92,500,45,70,False,False,medium-slow,"swarm, chlorophyll, overcoat",https://raw.githubusercontent.com/PokeAPI/sprites/master/sprites/pokemon/other/official-artwork/542.png
543,마디네,venipede,5,0.4,5.3,bug,poison,30,45,59,30,39,57,260,255,70,False,False,medium-slow,"poison-point, swarm, speed-boost",https://raw.githubusercontent.com/PokeAPI/sprites/master/sprites/pokemon/other/official-artwork/543.png
544,휠구,whirlipede,5,1.2,58.5,bug,poison,40,55,99,40,79,47,360,120,70,False,False,medium-slow,"poison-point, swarm, speed-boost",https://raw.githubusercontent.com/PokeAPI/sprites/master/sprites/pokemon/other/official-artwork/544.png
545,펜드라,scolipede,5,2.5,200.5,bug,poison,60,100,89,55,69,112,485,45,70,False,False,medium-slow,"poison-point, swarm, speed-boost",https://raw.githubusercontent.com/PokeAPI/sprites/master/sprites/pokemon/other/official-artwork/545.png
546,소미안,cottonee,5,0.3,0.6,grass,fairy,40,27,60,37,50,66,280,190,70,False,False,medium,"prankster, infiltrator, chlorophyll",https://raw.githubusercontent.com/PokeAPI/sprites/master/sprites/pokemon/other/official-artwork/546.png
547,엘풍,whimsicott,5,0.7,6.6,grass,fairy,60,67,85,77,75,116,480,75,70,False,False,medium,"prankster, infiltrator, chlorophyll",https://raw.githubusercontent.com/PokeAPI/sprites/master/sprites/pokemon/other/official-artwork/547.png
548,치릴리,petilil,5,0.5,6.6,grass,,45,35,50,70,50,30,280,190,70,False,False,medium,"chlorophyll, own-tempo, leaf-guard",https://raw.githubusercontent.com/PokeAPI/sprites/master/sprites/pokemon/other/official-artwork/548.png
549,드레디어,lilligant,5,1.1,16.3,grass,,70,60,75,110,75,90,480,75,70,False,False,medium,"chlorophyll, own-tempo, leaf-guard",https://raw.githubusercontent.com/PokeAPI/sprites/master/sprites/pokemon/other/official-artwork/549.png
550,배쓰나이,basculin-red-striped,5,1.0,18.0,water,,70,92,65,80,55,98,460,25,70,False,False,medium,"reckless, adaptability, mold-breaker",https://raw.githubusercontent.com/PokeAPI/sprites/master/sprites/pokemon/other/official-artwork/550.png
551,깜눈크,sandile,5,0.7,15.2,ground,dark,50,72,35,35,35,65,292,180,70,False,False,medium-slow,"intimidate, moxie, anger-point",https://raw.githubusercontent.com/PokeAPI/sprites/master/sprites/pokemon/other/official-artwork/551.png
552,악비르,krokorok,5,1.0,33.4,ground,dark,60,82,45,45,45,74,351,90,70,False,False,medium-slow,"intimidate, moxie, anger-point",https://raw.githubusercontent.com/PokeAPI/sprites/master/sprites/pokemon/other/official-artwork/552.png
553,악비아르,krookodile,5,1.5,96.3,ground,dark,95,117,80,65,70,92,519,45,70,False,False,medium-slow,"intimidate, moxie, anger-point",https://raw.githubusercontent.com/PokeAPI/sprites/master/sprites/pokemon/other/official-artwork/553.png
554,달막화,darumaka,5,0.6,37.5,fire,,70,90,45,15,45,50,315,120,70,False,False,medium-slow,"hustle, inner-focus",https://raw.githubusercontent.com/PokeAPI/sprites/master/sprites/pokemon/other/official-artwork/554.png
555,불비달마,darmanitan-standard,5,1.3,92.9,fire,,105,140,55,30,55,95,480,60,70,False,False,medium-slow,"sheer-force, zen-mode",https://raw.githubusercontent.com/PokeAPI/sprites/master/sprites/pokemon/other/official-artwork/555.png
556,마라카치,maractus,5,1.0,28.0,grass,,75,86,67,106,67,60,461,255,70,False,False,medium,"water-absorb, chlorophyll, storm-drain",https://raw.githubusercontent.com/PokeAPI/sprites/master/sprites/pokemon/other/official-artwork/556.png
557,돌살이,dwebble,5,0.3,14.5,bug,rock,50,65,85,35,35,55,325,190,70,False,False,medium,"sturdy, shell-armor, weak-armor",https://raw.githubusercontent.com/PokeAPI/sprites/master/sprites/pokemon/other/official-artwork/557.png
558,암팰리스,crustle,5,1.4,200.0,bug,rock,70,105,125,65,75,45,485,75,70,False,False,medium,"sturdy, shell-armor, weak-armor",https://raw.githubusercontent.com/PokeAPI/sprites/master/sprites/pokemon/other/official-artwork/558.png
559,곤율랭,scraggy,5,0.6,11.8,dark,fighting,50,75,70,35,70,48,348,180,35,False,False,medium,"shed-skin, moxie, intimidate",https://raw.githubusercontent.com/PokeAPI/sprites/master/sprites/pokemon/other/official-artwork/559.png
560,곤율거니,scrafty,5,1.1,30.0,dark,fighting,65,90,115,45,115,58,488,90,70,False,False,medium,"shed-skin, moxie, intimidate",https://raw.githubusercontent.com/PokeAPI/sprites/master/sprites/pokemon/other/official-artwork/560.png
561,심보러,sigilyph,5,1.4,14.0,psychic,flying,72,58,80,103,80,97,490,45,70,False,False,medium,"wonder-skin, magic-guard, tinted-lens",https://raw.githubusercontent.com/PokeAPI/sprites/master/sprites/pokemon/other/official-artwork/561.png
562,데스마스,yamask,5,0.5,1.5,ghost,,38,30,85,55,65,30,303,190,70,False,False,medium,mummy,https://raw.githubusercontent.com/PokeAPI/sprites/master/sprites/pokemon/other/official-artwork/562.png
563,데스니칸,cofagrigus,5,1.7,76.5,ghost,,58,50,145,95,105,30,483,90,70,False,False,medium,mummy,https://raw.githubusercontent.com/PokeAPI/sprites/master/sprites/pokemon/other/official-artwork/563.png
564,프로토가,tirtouga,5,0.7,16.5,water,rock,54,78,103,53,45,22,355,45,70,False,False,medium,"solid-rock, sturdy, swift-swim",https://raw.githubusercontent.com/PokeAPI/sprites/master/sprites/pokemon/other/official-artwork/564.png
565,늑골라,carracosta,5,1.2,81.0,water,rock,74,108,133,83,65,32,495,45,70,False,False,medium,"solid-rock, sturdy, swift-swim",https://raw.githubusercontent.com/PokeAPI/sprites/master/sprites/pokemon/other/official-artwork/565.png
566,아켄,archen,5,0.5,9.5,rock,flying,55,112,45,74,45,70,401,45,70,False,False,medium,defeatist,https://raw.githubusercontent.com/PokeAPI/sprites/master/sprites/pokemon/other/official-artwork/566.png
567,아케오스,archeops,5,1.4,32.0,rock,flying,75,140,65,112,65,110,567,45,70,False,False,medium,defeatist,https://raw.githubusercontent.com/PokeAPI/sprites/master/sprites/pokemon/other/official-artwork/567.png
568,깨봉이,trubbish,5,0.6,31.0,poison,,50,50,62,40,62,65,329,190,70,False,False,medium,"stench, sticky-hold, aftermath",https://raw.githubusercontent.com/PokeAPI/sprites/master/sprites/pokemon/other/official-artwork/568.png
569,더스트나,garbodor,5,1.9,107.3,poison,,80,95,82,60,82,75,474,60,70,False,False,medium,"stench, weak-armor, aftermath",https://raw.githubusercontent.com/PokeAPI/sprites/master/sprites/pokemon/other/official-artwork/569.png
570,조로아,zorua,5,0.7,12.5,dark,,40,65,40,80,40,65,330,75,70,False,False,medium-slow,illusion,https://raw.githubusercontent.com/PokeAPI/sprites/master/sprites/pokemon/other/official-artwork/570.png
571,조로아크,zoroark,5,1.6,81.1,dark,,60,105,60,120,60,105,510,45,70,False,False,medium-slow,illusion,https://raw.githubusercontent.com/PokeAPI/sprites/master/sprites/pokemon/other/official-artwork/571.png
572,치라미,minccino,5,0.4,5.8,normal,,55,50,40,40,40,75,300,255,70,False,False,fast,"cute-charm, technician, skill-link",https://raw.githubusercontent.com/PokeAPI/sprites/master/sprites/pokemon/other/official-artwork/572.png
573,치라치노,cinccino,5,0.5,7.5,normal,,75,95,60,65,60,115,470,60,70,False,False,fast,"cute-charm, technician, skill-link",https://raw.githubusercontent.com/PokeAPI/sprites/master/sprites/pokemon/other/official-artwork/573.png
574,고디탱,gothita,5,0.4,5.8,psychic,,45,30,50,55,65,45,290,200,70,False,False,medium-slow,"frisk, competitive, shadow-tag",https://raw.githubusercontent.com/PokeAPI/sprites/master/sprites/pokemon/other/official-artwork/574.png
575,고디보미,gothorita,5,0.7,18.0,psychic,,60,45,70,75,85,55,390,100,70,False,False,medium-slow,"frisk, competitive, shadow-tag",https://raw.githubusercontent.com/PokeAPI/sprites/master/sprites/pokemon/other/official-artwork/575.png
576,고디모아젤,gothitelle,5,1.5,44.0,psychic,,70,55,95,95,110,65,490,50,70,False,False,medium-slow,"frisk, competitive, shadow-tag",https://raw.githubusercontent.com/PokeAPI/sprites/master/sprites/pokemon/other/official-artwork/576.png
577,유니란,solosis,5,0.3,1.0,psychic,,45,30,40,105,50,20,290,200,70,False,False,medium-slow,"overcoat, magic-guard, regenerator",https://raw.githubusercontent.com/PokeAPI/sprites/master/sprites/pokemon/other/official-artwork/577.png
578,듀란,duosion,5,0.6,8.0,psychic,,65,40,50,125,60,30,370,100,70,False,False,medium-slow,"overcoat, magic-guard, regenerator",https://raw.githubusercontent.com/PokeAPI/sprites/master/sprites/pokemon/other/official-artwork/578.png
579,란쿨루스,reuniclus,5,1.0,20.1,psychic,,110,65,75,125,85,30,490,50,70,False,False,medium-slow,"overcoat, magic-guard, regenerator",https://raw.githubusercontent.com/PokeAPI/sprites/master/sprites/pokemon/other/official-artwork/579.png
580,꼬지보리,ducklett,5,0.5,5.5,water,flying,62,44,50,44,50,55,305,190,70,False,False,medium,"keen-eye, big-pecks, hydration",https://raw.githubusercontent.com/PokeAPI/sprites/master/sprites/pokemon/other/official-artwork/580.png
581,스완나,swanna,5,1.3,24.2,water,flying,75,87,63,87,63,98,473,45,70,False,False,medium,"keen-eye, big-pecks, hydration",https://raw.githubusercontent.com/PokeAPI/sprites/master/sprites/pokemon/other/official-artwork/581.png
582,바닐프티,vanillite,5,0.4,5.7,ice,,36,50,50,65,60,44,305,255,70,False,False,slow,"ice-body, snow-cloak, weak-armor",https://raw.githubusercontent.com/PokeAPI/sprites/master/sprites/pokemon/other/official-artwork/582.png
583,바닐리치,vanillish,5,1.1,41.0,ice,,51,65,65,80,75,59,395,120,70,False,False,slow,"ice-body, snow-cloak, weak-armor",https://raw.githubusercontent.com/PokeAPI/sprites/master/sprites/pokemon/other/official-artwork/583.png
584,배바닐라,vanilluxe,5,1.3,57.5,ice,,71,95,85,110,95,79,535,45,70,False,False,slow,"ice-body, snow-warning, weak-armor",https://raw.githubusercontent.com/PokeAPI/sprites/master/sprites/pokemon/other/official-artwork/584.png
585,사철록,deerling,5,0.6,19.5,normal,grass,60,60,50,40,50,75,335,190,70,False,False,medium,"chlorophyll, sap-sipper, serene-grace",https://raw.githubusercontent.com/PokeAPI/sprites/master/sprites/pokemon/other/official-artwork/585.png
586,바라철록,sawsbuck,5,1.9,92.5,normal,grass,80,100,70,60,70,95,475,75,70,False,False,medium,"chlorophyll, sap-sipper, serene-grace",https://raw.githubusercontent.com/PokeAPI/sprites/master/sprites/pokemon/other/official-artwork/586.png
587,에몽가,emolga,5,0.4,5.0,electric,flying,55,75,60,75,60,103,428,200,70,False,False,medium,"static, motor-drive",https://raw.githubusercontent.com/PokeAPI/sprites/master/sprites/pokemon/other/official-artwork/587.png
588,딱정곤,karrablast,5,0.5,5.9,bug,,50,75,45,40,45,60,315,200,70,False,False,medium,"swarm, shed-skin, no-guard",https://raw.githubusercontent.com/PokeAPI/sprites/master/sprites/pokemon/other/official-artwork/588.png
589,슈바르고,escavalier,5,1.0,33.0,bug,steel,70,135,105,60,105,20,495,75,70,False,False,medium,"swarm, shell-armor, overcoat",https://raw.githubusercontent.com/PokeAPI/sprites/master/sprites/pokemon/other/official-artwork/589.png
590,깜놀버슬,foongus,5,0.2,1.0,grass,poison,69,55,45,55,55,15,294,190,70,False,False,medium,"effect-spore, regenerator",https://raw.githubusercontent.com/PokeAPI/sprites/master/sprites/pokemon/other/official-artwork/590.png
591,뽀록나,amoonguss,5,0.6,10.5,grass,poison,114,85,70,85,80,30,464,75,70,False,False,medium,"effect-spore, regenerator",https://raw.githubusercontent.com/PokeAPI/sprites/master/sprites/pokemon/other/official-artwork/591.png
592,탱그릴,frillish-male,5,1.2,33.0,water,ghost,55,40,50,65,85,40,335,190,70,False,False,medium,"water-absorb, cursed-body, damp",https://raw.githubusercontent.com/PokeAPI/sprites/master/sprites/pokemon/other/official-artwork/592.png
593,탱탱겔,jellicent-male,5,2.2,135.0,water,ghost,100,60,70,85,105,60,480,60,70,False,False,medium,"water-absorb, cursed-body, damp",https://raw.githubusercontent.com/PokeAPI/sprites/master/sprites/pokemon/other/official-artwork/593.png
594,맘복치,alomomola,5,1.2,31.6,water,,165,75,80,40,45,65,470,75,70,False,False,fast,"healer, hydration, regenerator",https://raw.githubusercontent.com/PokeAPI/sprites/master/sprites/pokemon/other/official-artwork/594.png
595,파쪼옥,joltik,5,0.1,0.6,bug,electric,50,47,50,57,50,65,319,190,70,False,False,medium,"compound-eyes, unnerve, swarm",https://raw.githubusercontent.com/PokeAPI/sprites/master/sprites/pokemon/other/official-artwork/595.png
596,전툴라,galvantula,5,0.8,14.3,bug,electric,70,77,60,97,60,108,472,75,70,False,False,medium,"compound-eyes, unnerve, swarm",https://raw.githubusercontent.com/PokeAPI/sprites/master/sprites/pokemon/other/official-artwork/596.png
597,철시드,ferroseed,5,0.6,18.8,grass,steel,44,50,91,24,86,10,305,255,70,False,False,medium,iron-barbs,https://raw.githubusercontent.com/PokeAPI/sprites/master/sprites/pokemon/other/official-artwork/597.png
598,너트령,ferrothorn,5,1.0,110.0,grass,steel,74,94,131,54,116,20,489,90,70,False,False,medium,"iron-barbs, anticipation",https://raw.githubusercontent.com/PokeAPI/sprites/master/sprites/pokemon/other/official-artwork/598.png
599,기어르,klink,5,0.3,21.0,steel,,40,55,70,45,60,30,300,130,70,False,False,medium-slow,"plus, minus, clear-body",https://raw.githubusercontent.com/PokeAPI/sprites/master/sprites/pokemon/other/official-artwork/599.png
600,기기어르,klang,5,0.6,51.0,steel,,60,80,95,70,85,50,440,60,70,False,False,medium-slow,"plus, minus, clear-body",https://raw.githubusercontent.com/PokeAPI/sprites/master/sprites/pokemon/other/official-artwork/600.png
601,기기기어르,klinklang,5,0.6,81.0,steel,,60,100,115,70,85,90,520,30,70,False,False,medium-slow,"plus, minus, clear-body",https://raw.githubusercontent.com/PokeAPI/sprites/master/sprites/pokemon/other/official-artwork/601.png
602,저리어,tynamo,5,0.2,0.3,electric,,35,55,40,45,40,60,275,190,70,False,False,slow,levitate,https://raw.githubusercontent.com/PokeAPI/sprites/master/sprites/pokemon/other/official-artwork/602.png
603,저리릴,eelektrik,5,1.2,22.0,electric,,65,85,70,75,70,40,405,60,70,False,False,slow,levitate,https://raw.githubusercontent.com/PokeAPI/sprites/master/sprites/pokemon/other/official-artwork/603.png
604,저리더프,eelektross,5,2.1,80.5,electric,,85,115,80,105,80,50,515,30,70,False,False,slow,levitate,https://raw.githubusercontent.com/PokeAPI/sprites/master/sprites/pokemon/other/official-artwork/604.png
605,리그레,elgyem,5,0.5,9.0,psychic,,55,55,55,85,55,30,335,255,70,False,False,medium,"telepathy, synchronize, analytic",https://raw.githubusercontent.com/PokeAPI/sprites/master/sprites/pokemon/other/official-artwork/605.png
606,벰크,beheeyem,5,1.0,34.5,psychic,,75,75,75,125,95,40,485,90,70,False,False,medium,"telepathy, synchronize, analytic",https://raw.githubusercontent.com/PokeAPI/sprites/master/sprites/pokemon/other/official-artwork/606.png
607,불켜미,litwick,5,0.3,3.1,ghost,fire,50,30,55,65,55,20,275,190,70,False,False,medium-slow,"flash-fire, flame-body, infiltrator",https://raw.githubusercontent.com/PokeAPI/sprites/master/sprites/pokemon/other/official-artwork/607.png
608,램프라,lampent,5,0.6,13.0,ghost,fire,60,40,60,95,60,55,370,90,70,False,False,medium-slow,"flash-fire, flame-body, infiltrator",https://raw.githubusercontent.com/PokeAPI/sprites/master/sprites/pokemon/other/official-artwork/608.png
609,샹델라,chandelure,5,1.0,34.3,ghost,fire,60,55,90,145,90,80,520,45,70,False,False,medium-slow,"flash-fire, flame-body, infiltrator",https://raw.githubusercontent.com/PokeAPI/sprites/master/sprites/pokemon/other/official-artwork/609.png
610,터검니,axew,5,0.6,18.0,dragon,,46,87,60,30,40,57,320,75,35,False,False,slow,"rivalry, mold-breaker, unnerve",https://raw.githubusercontent.com/PokeAPI/sprites/master/sprites/pokemon/other/official-artwork/610.png
611,액슨도,fraxure,5,1.0,36.0,dragon,,66,117,70,40,50,67,410,60,35,False,False,slow,"rivalry, mold-breaker, unnerve",https://raw.githubusercontent.com/PokeAPI/sprites/master/sprites/pokemon/other/official-artwork/611.png
612,액스라이즈,haxorus,5,1.8,105.5,dragon,,76,147,90,60,70,97,540,45,35,False,False,slow,"rivalry, mold-breaker, unnerve",https://raw.githubusercontent.com/PokeAPI/sprites/master/sprites/pokemon/other/official-artwork/612.png
613,코고미,cubchoo,5,0.5,8.5,ice,,55,70,40,60,40,40,305,120,70,False,False,medium,"snow-cloak, slush-rush, rattled",https://raw.githubusercontent.com/PokeAPI/sprites/master/sprites/pokemon/other/official-artwork/613.png
614,툰베어,beartic,5,2.6,260.0,ice,,95,130,80,70,80,50,505,60,70,False,False,medium,"snow-cloak, slush-rush, swift-swim",https://raw.githubusercontent.com/PokeAPI/sprites/master/sprites/pokemon/other/official-artwork/614.png
615,프리지오,cryogonal,5,1.1,148.0,ice,,80,50,50,95,135,105,515,25,70,False,False,medium,levitate,https://raw.githubusercontent.com/PokeAPI/sprites/master/sprites/pokemon/other/official-artwork/615.png
616,쪼마리,shelmet,5,0.4,7.7,bug,,50,40,85,40,65,25,305,200,70,False,False,medium,"hydration, shell-armor, overcoat",https://raw.githubusercontent.com/PokeAPI/sprites/master/sprites/pokemon/other/official-artwork/616.png
617,어지리더,accelgor,5,0.8,25.3,bug,,80,70,40,100,60,145,495,75,70,False,False,medium,"hydration, sticky-hold, unburden",https://raw.githubusercontent.com/PokeAPI/sprites/master/sprites/pokemon/other/official-artwork/617.png
618,메더,stunfisk,5,0.7,11.0,ground,electric,109,66,84,81,99,32,471,75,70,False,False,medium,"static, limber, sand-veil",https://raw.githubusercontent.com/PokeAPI/sprites/master/sprites/pokemon/other/official-artwork/618.png
619,비조푸,mienfoo,5,0.9,20.0,fighting,,45,85,50,55,50,65,350,180,70,False,False,medium-slow,"inner-focus, regenerator, reckless",https://raw.githubusercontent.com/PokeAPI/sprites/master/sprites/pokemon/other/official-artwork/619.png
620,비조도,mienshao,5,1.4,35.5,fighting,,65,125,60,95,60,105,510,45,70,False,False,medium-slow,"inner-focus, regenerator, reckless",https://raw.githubusercontent.com/PokeAPI/sprites/master/sprites/pokemon/other/official-artwork/620.png
621,크리만,druddigon,5,1.6,139.0,dragon,,77,120,90,60,90,48,485,45,70,False,False,medium,"rough-skin, sheer-force, mold-breaker",https://raw.githubusercontent.com/PokeAPI/sprites/master/sprites/pokemon/other/official-artwork/621.png
622,골비람,golett,5,1.0,92.0,ground,ghost,59,74,50,35,50,35,303,190,70,False,False,medium,"iron-fist, klutz, no-guard",https://raw.githubusercontent.com/PokeAPI/sprites/master/sprites/pokemon/other/official-artwork/622.png
623,골루그,golurk,5,2.8,330.0,ground,ghost,89,124,80,55,80,55,483,90,70,False,False,medium,"iron-fist, klutz, no-guard",https://raw.githubusercontent.com/PokeAPI/sprites/master/sprites/pokemon/other/official-artwork/623.png
624,자망칼,pawniard,5,0.5,10.2,dark,steel,45,85,70,40,40,60,340,120,35,False,False,medium,"defiant, inner-focus, pressure",https://raw.githubusercontent.com/PokeAPI/sprites/master/sprites/pokemon/other/official-artwork/624.png
625,절각참,bisharp,5,1.6,70.0,dark,steel,65,125,100,60,70,70,490,45,35,False,False,medium,"defiant, inner-focus, pressure",https://raw.githubusercontent.com/PokeAPI/sprites/master/sprites/pokemon/other/official-artwork/625.png
626,버프론,bouffalant,5,1.6,94.6,normal,,95,110,95,40,95,55,490,45,70,False,False,medium,"reckless, sap-sipper, soundproof",https://raw.githubusercontent.com/PokeAPI/sprites/master/sprites/pokemon/other/official-artwork/626.png
627,수리둥보,rufflet,5,0.5,10.5,normal,flying,70,83,50,37,50,60,350,190,70,False,False,slow,"keen-eye, sheer-force, hustle",https://raw.githubusercontent.com/PokeAPI/sprites/master/sprites/pokemon/other/official-artwork/627.png
628,워글,braviary,5,1.5,41.0,normal,flying,100,123,75,57,75,80,510,60,70,False,False,slow,"keen-eye, sheer-force, defiant",https://raw.githubusercontent.com/PokeAPI/sprites/master/sprites/pokemon/other/official-artwork/628.png
629,벌차이,vullaby,5,0.5,9.0,dark,flying,70,55,75,45,65,60,370,190,35,False,False,slow,"big-pecks, overcoat, weak-armor",https://raw.githubusercontent.com/PokeAPI/sprites/master/sprites/pokemon/other/official-artwork/629.png
630,버랜지나,mandibuzz,5,1.2,39.5,dark,flying,110,65,105,55,95,80,510,60,35,False,False,slow,"big-pecks, overcoat, weak-armor",https://raw.githubusercontent.com/PokeAPI/sprites/master/sprites/pokemon/other/official-artwork/630.png
631,앤티골,heatmor,5,1.4,58.0,fire,,85,97,66,105,66,65,484,90,70,False,False,medium,"gluttony, flash-fire, white-smoke",https://raw.githubusercontent.com/PokeAPI/sprites/master/sprites/pokemon/other/official-artwork/631.png
632,아이앤트,durant,5,0.3,33.0,bug,steel,58,109,112,48,48,109,484,90,70,False,False,medium,"swarm, hustle, truant",https://raw.githubusercontent.com/PokeAPI/sprites/master/sprites/pokemon/other/official-artwork/632.png
633,모노두,deino,5,0.8,17.3,dark,dragon,52,65,50,45,50,38,300,45,35,False,False,slow,hustle,https://raw.githubusercontent.com/PokeAPI/sprites/master/sprites/pokemon/other/official-artwork/633.png
634,디헤드,zweilous,5,1.4,50.0,dark,dragon,72,85,70,65,70,58,420,45,35,False,False,slow,hustle,https://raw.githubusercontent.com/PokeAPI/sprites/master/sprites/pokemon/other/official-artwork/634.png
635,삼삼드래,hydreigon,5,1.8,160.0,dark,dragon,92,105,90,125,90,98,600,45,35,False,False,slow,levitate,https://raw.githubusercontent.com/PokeAPI/sprites/master/sprites/pokemon/other/official-artwork/635.png
636,활화르바,larvesta,5,1.1,28.8,bug,fire,55,85,55,50,55,60,360,45,70,False,False,slow,"flame-body, swarm",https://raw.githubusercontent.com/PokeAPI/sprites/master/sprites/pokemon/other/official-artwork/636.png
637,불카모스,volcarona,5,1.6,46.0,bug,fire,85,60,65,135,105,100,550,15,70,False,False,slow,"flame-body, swarm",https://raw.githubusercontent.com/PokeAPI/sprites/master/sprites/pokemon/other/official-artwork/637.png
638,코바르온,cobalion,5,2.1,250.0,steel,fighting,91,90,129,90,72,108,580,3,35,True,False,slow,justified,https://raw.githubusercontent.com/PokeAPI/sprites/master/sprites/pokemon/other/official-artwork/638.png
639,테라키온,terrakion,5,1.9,260.0,rock,fighting,91,129,90,72,90,108,580,3,35,True,False,slow,justified,https://raw.githubusercontent.com/PokeAPI/sprites/master/sprites/pokemon/other/official-artwork/639.png
640,비리디온,virizion,5,2.0,200.0,grass,fighting,91,90,72,90,129,108,580,3,35,True,False,slow,justified,https://raw.githubusercontent.com/PokeAPI/sprites/master/sprites/pokemon/other/official-artwork/640.png
641,토네로스,tornadus-incarnate,5,1.5,63.0,flying,,79,115,70,125,80,111,580,3,90,True,False,slow,"prankster, defiant",https://raw.githubusercontent.com/PokeAPI/sprites/master/sprites/pokemon/other/official-artwork/641.png
642,볼트로스,thundurus-incarnate,5,1.5,61.0,electric,flying,79,115,70,125,80,111,580,3,90,True,False,slow,"prankster, defiant",https://raw.githubusercontent.com/PokeAPI/sprites/master/sprites/pokemon/other/official-artwork/642.png
643,레시라무,reshiram,5,3.2,330.0,dragon,fire,100,120,100,150,120,90,680,3,0,True,False,slow,turboblaze,https://raw.githubusercontent.com/PokeAPI/sprites/master/sprites/pokemon/other/official-artwork/643.png
644,제크로무,zekrom,5,2.9,345.0,dragon,electric,100,150,120,120,100,90,680,3,0,True,False,slow,teravolt,https://raw.githubusercontent.com/PokeAPI/sprites/master/sprites/pokemon/other/official-artwork/644.png
645,랜드로스,landorus-incarnate,5,1.5,68.0,ground,flying,89,125,90,115,80,101,600,3,90,True,False,slow,"sand-force, sheer-force",https://raw.githubusercontent.com/PokeAPI/sprites/master/sprites/pokemon/other/official-artwork/645.png
646,큐레무,kyurem,5,3.0,325.0,dragon,ice,125,130,90,130,90,95,660,3,0,True,False,slow,pressure,https://raw.githubusercontent.com/PokeAPI/sprites/master/sprites/pokemon/other/official-artwork/646.png
647,케르디오,keldeo-ordinary,5,1.4,48.5,water,fighting,91,72,90,129,90,108,580,3,35,False,True,slow,justified,https://raw.githubusercontent.com/PokeAPI/sprites/master/sprites/pokemon/other/official-artwork/647.png
648,메로엣타,meloetta-aria,5,0.6,6.5,normal,psychic,100,77,77,128,128,90,600,3,100,False,True,slow,serene-grace,https://raw.githubusercontent.com/PokeAPI/sprites/master/sprites/pokemon/other/official-artwork/648.png
649,게노세크트,genesect,5,1.5,82.5,bug,steel,71,120,95,120,95,99,600,3,0,False,True,slow,download,https://raw.githubusercontent.com/PokeAPI/sprites/master/sprites/pokemon/other/official-artwork/649.png
650,도치마론,chespin,6,0.4,9.0,grass,,56,61,65,48,45,38,313,45,70,False,False,medium-slow,"overgrow, bulletproof",https://raw.githubusercontent.com/PokeAPI/sprites/master/sprites/pokemon/other/official-artwork/650.png
651,도치보구,quilladin,6,0.7,29.0,grass,,61,78,95,56,58,57,405,45,70,False,False,medium-slow,"overgrow, bulletproof",https://raw.githubusercontent.com/PokeAPI/sprites/master/sprites/pokemon/other/official-artwork/651.png
652,브리가론,chesnaught,6,1.6,90.0,grass,fighting,88,107,122,74,75,64,530,45,70,False,False,medium-slow,"overgrow, bulletproof",https://raw.githubusercontent.com/PokeAPI/sprites/master/sprites/pokemon/other/official-artwork/652.png
653,푸호꼬,fennekin,6,0.4,9.4,fire,,40,45,40,62,60,60,307,45,70,False,False,medium-slow,"blaze, magician",https://raw.githubusercontent.com/PokeAPI/sprites/master/sprites/pokemon/other/official-artwork/653.png
654,테르나,braixen,6,1.0,14.5,fire,,59,59,58,90,70,73,409,45,70,False,False,medium-slow,"blaze, magician",https://raw.githubusercontent.com/PokeAPI/sprites/master/sprites/pokemon/other/official-artwork/654.png
655,마폭시,delphox,6,1.5,39.0,fire,psychic,75,69,72,114,100,104,534,45,70,False,False,medium-slow,"blaze, magician",https://raw.githubusercontent.com/PokeAPI/sprites/master/sprites/pokemon/other/official-artwork/655.png
656,개구마르,froakie,6,0.3,7.0,water,,41,56,40,62,44,71,314,45,70,False,False,medium-slow,"torrent, protean",https://raw.githubusercontent.com/PokeAPI/sprites/master/sprites/pokemon/other/official-artwork/656.png
657,개굴반장,frogadier,6,0.6,10.9,water,,54,63,52,83,56,97,405,45,70,False,False,medium-slow,"torrent, protean",https://raw.githubusercontent.com/PokeAPI/sprites/master/sprites/pokemon/other/official-artwork/657.png
658,개굴닌자,greninja,6,1.5,40.0,water,dark,72,95,67,103,71,122,530,45,70,False,False,medium-slow,"torrent, protean",https://raw.githubusercontent.com/PokeAPI/sprites/master/sprites/pokemon/other/official-artwork/658.png
659,파르빗,bunnelby,6,0.4,5.0,normal,,38,36,38,32,36,57,237,255,70,False,False,medium,"pickup, cheek-pouch, huge-power",https://raw.githubusercontent.com/PokeAPI/sprites/master/sprites/pokemon/other/official-artwork/659.png
660,파르토,diggersby,6,1.0,42.4,normal,ground,85,56,77,50,77,78,423,127,70,False,False,medium,"pickup, cheek-pouch, huge-power",https://raw.githubusercontent.com/PokeAPI/sprites/master/sprites/pokemon/other/official-artwork/660.png
661,화살꼬빈,fletchling,6,0.3,1.7,normal,flying,45,50,43,40,38,62,278,255,70,False,False,medium-slow,"big-pecks, gale-wings",https://raw.githubusercontent.com/PokeAPI/sprites/master/sprites/pokemon/other/official-artwork/661.png
662,불화살빈,fletchinder,6,0.7,16.0,fire,flying,62,73,55,56,52,84,382,120,70,False,False,medium-slow,"flame-body, gale-wings",https://raw.githubusercontent.com/PokeAPI/sprites/master/sprites/pokemon/other/official-artwork/662.png
663,파이어로,talonflame,6,1.2,24.5,fire,flying,78,81,71,74,69,126,499,45,70,False,False,medium-slow,"flame-body, gale-wings",https://raw.githubusercontent.com/PokeAPI/sprites/master/sprites/pokemon/other/official-artwork/663.png
664,분이벌레,scatterbug,6,0.3,2.5,bug,,38,35,40,27,25,35,200,255,70,False,False,medium,"shield-dust, compound-eyes, friend-guard",https://raw.githubusercontent.com/PokeAPI/sprites/master/sprites/pokemon/other/official-artwork/664.png
665,분떠도리,spewpa,6,0.3,8.4,bug,,45,22,60,27,30,29,213,120,70,False,False,medium,"shed-skin, friend-guard",https://raw.githubusercontent.com/PokeAPI/sprites/master/sprites/pokemon/other/official-artwork/665.png
666,비비용,vivillon,6,1.2,17.0,bug,flying,80,52,50,90,50,89,411,45,70,False,False,medium,"shield-dust, compound-eyes, friend-guard",https://raw.githubusercontent.com/PokeAPI/sprites/master/sprites/pokemon/other/official-artwork/666.png
667,레오꼬,litleo,6,0.6,13.5,fire,normal,62,50,58,73,54,72,369,220,70,False,False,medium-slow,"rivalry, unnerve, moxie",https://raw.githubusercontent.com/PokeAPI/sprites/master/sprites/pokemon/other/official-artwork/667.png
668,화염레오,pyroar-male,6,1.5,81.5,fire,normal,86,68,72,109,66,106,507,65,70,False,False,medium-slow,"rivalry, unnerve, moxie",https://raw.githubusercontent.com/PokeAPI/sprites/master/sprites/pokemon/other/official-artwork/668.png
669,플라베베,flabebe,6,0.1,0.1,fairy,,44,38,39,61,79,42,303,225,70,False,False,medium,"flower-veil, symbiosis",https://raw.githubusercontent.com/PokeAPI/sprites/master/sprites/pokemon/other/official-artwork/669.png
670,플라엣테,floette,6,0.2,0.9,fairy,,54,45,47,75,98,52,371,120,70,False,False,medium,"flower-veil, symbiosis",https://raw.githubusercontent.com/PokeAPI/sprites/master/sprites/pokemon/other/official-artwork/670.png
671,플라제스,florges,6,1.1,10.0,fairy,,78,65,68,112,154,75,552,45,70,False,False,medium,"flower-veil, symbiosis",https://raw.githubusercontent.com/PokeAPI/sprites/master/sprites/pokemon/other/official-artwork/671.png
672,메이클,skiddo,6,0.9,31.0,grass,,66,65,48,62,57,52,350,200,70,False,False,medium,"sap-sipper, grass-pelt",https://raw.githubusercontent.com/PokeAPI/sprites/master/sprites/pokemon/other/official-artwork/672.png
673,고고트,gogoat,6,1.7,91.0,grass,,123,100,62,97,81,68,531,45,70,False,False,medium,"sap-sipper, grass-pelt",https://raw.githubusercontent.com/PokeAPI/sprites/master/sprites/pokemon/other/official-artwork/673.png
674,판짱,pancham,6,0.6,8.0,fighting,,67,82,62,46,48,43,348,220,70,False,False,medium,"iron-fist, mold-breaker, scrappy",https://raw.githubusercontent.com/PokeAPI/sprites/master/sprites/pokemon/other/official-artwork/674.png
675,부란다,pangoro,6,2.1,136.0,fighting,dark,95,124,78,69,71,58,495,65,70,False,False,medium,"iron-fist, mold-breaker, scrappy",https://raw.githubusercontent.com/PokeAPI/sprites/master/sprites/pokemon/other/official-artwork/675.png
676,트리미앙,furfrou,6,1.2,28.0,normal,,75,80,60,65,90,102,472,160,70,False,False,medium,fur-coat,https://raw.githubusercontent.com/PokeAPI/sprites/master/sprites/pokemon/other/official-artwork/676.png
677,냐스퍼,espurr,6,0.3,3.5,psychic,,62,48,54,63,60,68,355,190,70,False,False,medium,"keen-eye, infiltrator, own-tempo",https://raw.githubusercontent.com/PokeAPI/sprites/master/sprites/pokemon/other/official-artwork/677.png
678,냐오닉스,meowstic-male,6,0.6,8.5,psychic,,74,48,76,83,81,104,466,75,70,False,False,medium,"keen-eye, infiltrator, prankster",https://raw.githubusercontent.com/PokeAPI/sprites/master/sprites/pokemon/other/official-artwork/678.png
679,단칼빙,honedge,6,0.8,2.0,steel,ghost,45,80,100,35,37,28,325,180,70,False,False,medium,no-guard,https://raw.githubusercontent.com/PokeAPI/sprites/master/sprites/pokemon/other/official-artwork/679.png
680,쌍검킬,doublade,6,0.8,4.5,steel,ghost,59,110,150,45,49,35,448,90,70,False,False,medium,no-guard,https://raw.githubusercontent.com/PokeAPI/sprites/master/sprites/pokemon/other/official-artwork/680.png
681,킬가르도,aegislash-shield,6,1.7,53.0,steel,ghost,60,50,140,50,140,60,500,45,70,False,False,medium,stance-change,https://raw.githubusercontent.com/PokeAPI/sprites/master/sprites/pokemon/other/official-artwork/681.png
682,슈쁘,spritzee,6,0.2,0.5,fairy,,78,52,60,63,65,23,341,200,70,False,False,medium,"healer, aroma-veil",https://raw.githubusercontent.com/PokeAPI/sprites/master/sprites/pokemon/other/official-artwork/682.png
683,프레프티르,aromatisse,6,0.8,15.5,fairy,,101,72,72,99,89,29,462,140,70,False,False,medium,"healer, aroma-veil",https://raw.githubusercontent.com/PokeAPI/sprites/master/sprites/pokemon/other/official-artwork/683.png
684,나룸퍼프,swirlix,6,0.4,3.5,fairy,,62,48,66,59,57,49,341,200,70,False,False,medium,"sweet-veil, unburden",https://raw.githubusercontent.com/PokeAPI/sprites/master/sprites/pokemon/other/official-artwork/684.png
685,나루림,slurpuff,6,0.8,5.0,fairy,,82,80,86,85,75,72,480,140,70,False,False,medium,"sweet-veil, unburden",https://raw.githubusercontent.com/PokeAPI/sprites/master/sprites/pokemon/other/official-artwork/685.png
686,오케이징,inkay,6,0.4,3.5,dark,psychic,53,54,53,37,46,45,288,190,70,False,False,medium,"contrary, suction-cups, infiltrator",https://raw.githubusercontent.com/PokeAPI/sprites/master/sprites/pokemon/other/official-artwork/686.png
687,칼라마네로,malamar,6,1.5,47.0,dark,psychic,86,92,88,68,75,73,482,80,70,False,False,medium,"contrary, suction-cups, infiltrator",https://raw.githubusercontent.com/PokeAPI/sprites/master/sprites/pokemon/other/official-artwork/687.png
688,거북손손,binacle,6,0.5,31.0,rock,water,42,52,67,39,56,50,306,120,70,False,False,medium,"tough-claws, sniper, pickpocket",https://raw.githubusercontent.com/PokeAPI/sprites/master/sprites/pokemon/other/official-artwork/688.png
689,거북손데스,barbaracle,6,1.3,96.0,rock,water,72,105,115,54,86,68,500,45,70,False,False,medium,"tough-claws, sniper, pickpocket",https://raw.githubusercontent.com/PokeAPI/sprites/master/sprites/pokemon/other/official-artwork/689.png
690,수레기,skrelp,6,0.5,7.3,poison,water,50,60,60,60,60,30,320,225,70,False,False,medium,"poison-point, poison-touch, adaptability",https://raw.githubusercontent.com/PokeAPI/sprites/master/sprites/pokemon/other/official-artwork/690.png
691,드래캄,dragalge,6,1.8,81.5,poison,dragon,65,75,90,97,123,44,494,55,70,False,False,medium,"poison-point, poison-touch, adaptability",https://raw.githubusercontent.com/PokeAPI/sprites/master/sprites/pokemon/other/official-artwork/691.png
692,완철포,clauncher,6,0.5,8.3,water,,50,53,62,58,63,44,330,225,70,False,False,slow,mega-launcher,https://raw.githubusercontent.com/PokeAPI/sprites/master/sprites/pokemon/other/official-artwork/692.png
693,블로스터,clawitzer,6,1.3,35.3,water,,71,73,88,120,89,59,500,55,70,False,False,slow,mega-launcher,https://raw.githubusercontent.com/PokeAPI/sprites/master/sprites/pokemon/other/official-artwork/693.png
694,목도리키텔,helioptile,6,0.5,6.0,electric,normal,44,38,33,61,43,70,289,190,70,False,False,medium,"dry-skin, sand-veil, solar-power",https://raw.githubusercontent.com/PokeAPI/sprites/master/sprites/pokemon/other/official-artwork/694.png
695,일레도리자드,heliolisk,6,1.0,21.0,electric,normal,62,55,52,109,94,109,481,75,70,False,False,medium,"dry-skin, sand-veil, solar-power",https://raw.githubusercontent.com/PokeAPI/sprites/master/sprites/pokemon/other/official-artwork/695.png
696,티고라스,tyrunt,6,0.8,26.0,rock,dragon,58,89,77,45,45,48,362,45,70,False,False,medium,"strong-jaw, sturdy",https://raw.githubusercontent.com/PokeAPI/sprites/master/sprites/pokemon/other/official-artwork/696.png
697,견고라스,tyrantrum,6,2.5,270.0,rock,dragon,82,121,119,69,59,71,521,45,70,False,False,medium,"strong-jaw, rock-head",https://raw.githubusercontent.com/PokeAPI/sprites/master/sprites/pokemon/other/official-artwork/697.png
698,아마루스,amaura,6,1.3,25.2,rock,ice,77,59,50,67,63,46,362,45,70,False,False,medium,"refrigerate, snow-warning",https://raw.githubusercontent.com/PokeAPI/sprites/master/sprites/pokemon/other/official-artwork/698.png
699,아마루르가,aurorus,6,2.7,225.0,rock,ice,123,77,72,99,92,58,521,45,70,False,False,medium,"refrigerate, snow-warning",https://raw.githubusercontent.com/PokeAPI/sprites/master/sprites/pokemon/other/official-artwork/699.png
700,님피아,sylveon,6,1.0,23.5,fairy,,95,65,65,110,130,60,525,45,70,False,False,medium,"cute-charm, pixilate",https://raw.githubusercontent.com/PokeAPI/sprites/master/sprites/pokemon/other/official-artwork/700.png
701,루차불,hawlucha,6,0.8,21.5,fighting,flying,78,92,75,74,63,118,500,100,70,False,False,medium,"limber, unburden, mold-breaker",https://raw.githubusercontent.com/PokeAPI/sprites/master/sprites/pokemon/other/official-artwork/701.png
702,데덴네,dedenne,6,0.2,2.2,electric,fairy,67,58,57,81,67,101,431,180,70,False,False,medium,"cheek-pouch, pickup, plus",https://raw.githubusercontent.com/PokeAPI/sprites/master/sprites/pokemon/other/official-artwork/702.png
703,멜리시,carbink,6,0.3,5.7,rock,fairy,50,50,150,50,150,50,500,60,70,False,False,slow,"clear-body, sturdy",https://raw.githubusercontent.com/PokeAPI/sprites/master/sprites/pokemon/other/official-artwork/703.png
704,미끄메라,goomy,6,0.3,2.8,dragon,,45,50,35,55,75,40,300,45,35,False,False,slow,"sap-sipper, hydration, gooey",https://raw.githubusercontent.com/PokeAPI/sprites/master/sprites/pokemon/other/official-artwork/704.png
705,미끄네일,sliggoo,6,0.8,17.5,dragon,,68,75,53,83,113,60,452,45,35,False,False,slow,"sap-sipper, hydration, gooey",https://raw.githubusercontent.com/PokeAPI/sprites/master/sprites/pokemon/other/official-artwork/705.png
706,미끄래곤,goodra,6,2.0,150.5,dragon,,90,100,70,110,150,80,600,45,35,False,False,slow,"sap-sipper, hydration, gooey",https://raw.githubusercontent.com/PokeAPI/sprites/master/sprites/pokemon/other/official-artwork/706.png
707,클레피,klefki,6,0.2,3.0,steel,fairy,57,80,91,80,87,75,470,75,70,False,False,fast,"prankster, magician",https://raw.githubusercontent.com/PokeAPI/sprites/master/sprites/pokemon/other/official-artwork/707.png
708,나목령,phantump,6,0.4,7.0,ghost,grass,43,70,48,50,60,38,309,120,70,False,False,medium,"natural-cure, frisk, harvest",https://raw.githubusercontent.com/PokeAPI/sprites/master/sprites/pokemon/other/official-artwork/708.png
709,대로트,trevenant,6,1.5,71.0,ghost,grass,85,110,76,65,82,56,474,60,70,False,False,medium,"natural-cure, frisk, harvest",https://raw.githubusercontent.com/PokeAPI/sprites/master/sprites/pokemon/other/official-artwork/709.png
710,호바귀,pumpkaboo-average,6,0.4,5.0,ghost,grass,49,66,70,44,55,51,335,120,70,False,False,medium,"pickup, frisk, insomnia",https://raw.githubusercontent.com/PokeAPI/sprites/master/sprites/pokemon/other/official-artwork/710.png
711,펌킨인,gourgeist-average,6,0.9,12.5,ghost,grass,65,90,122,58,75,84,494,60,70,False,False,medium,"pickup, frisk, insomnia",https://raw.githubusercontent.com/PokeAPI/sprites/master/sprites/pokemon/other/official-artwork/711.png
712,꽁어름,bergmite,6,1.0,99.5,ice,,55,69,85,32,35,28,304,190,70,False,False,medium,"own-tempo, ice-body, sturdy",https://raw.githubusercontent.com/PokeAPI/sprites/master/sprites/pokemon/other/official-artwork/712.png
713,크레베이스,avalugg,6,2.0,505.0,ice,,95,117,184,44,46,28,514,55,70,False,False,medium,"own-tempo, ice-body, sturdy",https://raw.githubusercontent.com/PokeAPI/sprites/master/sprites/pokemon/other/official-artwork/713.png
714,음뱃,noibat,6,0.5,8.0,flying,dragon,40,30,35,45,40,55,245,190,70,False,False,medium,"frisk, infiltrator, telepathy",https://raw.githubusercontent.com/PokeAPI/sprites/master/sprites/pokemon/other/official-artwork/714.png
715,음번,noivern,6,1.5,85.0,flying,dragon,85,70,80,97,80,123,535,45,70,False,False,medium,"frisk, infiltrator, telepathy",https://raw.githubusercontent.com/PokeAPI/sprites/master/sprites/pokemon/other/official-artwork/715.png
716,제르네아스,xerneas,6,3.0,215.0,fairy,,126,131,95,131,98,99,680,45,0,True,False,slow,fairy-aura,https://raw.githubusercontent.com/PokeAPI/sprites/master/sprites/pokemon/other/official-artwork/716.png
717,이벨타르,yveltal,6,5.8,203.0,dark,flying,126,131,95,131,98,99,680,45,0,True,False,slow,dark-aura,https://raw.githubusercontent.com/PokeAPI/sprites/master/sprites/pokemon/other/official-artwork/717.png
718,지가르데,zygarde-50,6,5.0,305.0,dragon,ground,108,100,121,81,95,95,600,3,0,True,False,slow,aura-break,https://raw.githubusercontent.com/PokeAPI/sprites/master/sprites/pokemon/other/official-artwork/718.png
719,디안시,diancie,6,0.7,8.8,rock,fairy,50,100,150,100,150,50,600,3,70,False,True,slow,clear-body,https://raw.githubusercontent.com/PokeAPI/sprites/master/sprites/pokemon/other/official-artwork/719.png
720,후파,hoopa,6,0.5,9.0,psychic,ghost,80,110,60,150,130,70,600,3,100,False,True,slow,magician,https://raw.githubusercontent.com/PokeAPI/sprites/master/sprites/pokemon/other/official-artwork/720.png
721,볼케니온,volcanion,6,1.7,195.0,fire,water,80,110,120,130,90,70,600,3,100,False,True,slow,water-absorb,https://raw.githubusercontent.com/PokeAPI/sprites/master/sprites/pokemon/other/official-artwork/721.png
722,나몰빼미,rowlet,7,0.3,1.5,grass,flying,68,55,55,50,50,42,320,45,70,False,False,medium-slow,"overgrow, long-reach",https://raw.githubusercontent.com/PokeAPI/sprites/master/sprites/pokemon/other/official-artwork/722.png
723,빼미스로우,dartrix,7,0.7,16.0,grass,flying,78,75,75,70,70,52,420,45,70,False,False,medium-slow,"overgrow, long-reach",https://raw.githubusercontent.com/PokeAPI/sprites/master/sprites/pokemon/other/official-artwork/723.png
724,모크나이퍼,decidueye,7,1.6,36.6,grass,ghost,78,107,75,100,100,70,530,45,70,False,False,medium-slow,"overgrow, long-reach",https://raw.githubusercontent.com/PokeAPI/sprites/master/sprites/pokemon/other/official-artwork/724.png
725,냐오불,litten,7,0.4,4.3,fire,,45,65,40,60,40,70,320,45,70,False,False,medium-slow,"blaze, intimidate",https://raw.githubusercontent.com/PokeAPI/sprites/master/sprites/pokemon/other/official-artwork/725.png
726,냐오히트,torracat,7,0.7,25.0,fire,,65,85,50,80,50,90,420,45,70,False,False,medium-slow,"blaze, intimidate",https://raw.githubusercontent.com/PokeAPI/sprites/master/sprites/pokemon/other/official-artwork/726.png
727,어흥염,incineroar,7,1.8,83.0,fire,dark,95,115,90,80,90,60,530,45,70,False,False,medium-slow,"blaze, intimidate",https://raw.githubusercontent.com/PokeAPI/sprites/master/sprites/pokemon/other/official-artwork/727.png
728,누리공,popplio,7,0.4,7.5,water,,50,54,54,66,56,40,320,45,70,False,False,medium-slow,"torrent, liquid-voice",https://raw.githubusercontent.com/PokeAPI/sprites/master/sprites/pokemon/other/official-artwork/728.png
729,키요공,brionne,7,0.6,17.5,water,,60,69,69,91,81,50,420,45,70,False,False,medium-slow,"torrent, liquid-voice",https://raw.githubusercontent.com/PokeAPI/sprites/master/sprites/pokemon/other/official-artwork/729.png
730,누리레느,primarina,7,1.8,44.0,water,fairy,80,74,74,126,116,60,530,45,70,False,False,medium-slow,"torrent, liquid-voice",https://raw.githubusercontent.com/PokeAPI/sprites/master/sprites/pokemon/other/official-artwork/730.png
731,콕코구리,pikipek,7,0.3,1.2,normal,flying,35,75,30,30,30,65,265,255,70,False,False,medium,"keen-eye, skill-link, pickup",https://raw.githubusercontent.com/PokeAPI/sprites/master/sprites/pokemon/other/official-artwork/731.png
732,크라파,trumbeak,7,0.6,14.8,normal,flying,55,85,50,40,50,75,355,120,70,False,False,medium,"keen-eye, skill-link, pickup",https://raw.githubusercontent.com/PokeAPI/sprites/master/sprites/pokemon/other/official-artwork/732.png
733,왕큰부리,toucannon,7,1.1,26.0,normal,flying,80,120,75,75,75,60,485,45,70,False,False,medium,"keen-eye, skill-link, sheer-force",https://raw.githubusercontent.com/PokeAPI/sprites/master/sprites/pokemon/other/official-artwork/733.png
734,영구스,yungoos,7,0.4,6.0,normal,,48,70,30,30,30,45,253,255,70,False,False,medium,"stakeout, strong-jaw, adaptability",https://raw.githubusercontent.com/PokeAPI/sprites/master/sprites/pokemon/other/official-artwork/734.png
735,형사구스,gumshoos,7,0.7,14.2,normal,,88,110,60,55,60,45,418,127,70,False,False,medium,"stakeout, strong-jaw, adaptability",https://raw.githubusercontent.com/PokeAPI/sprites/master/sprites/pokemon/other/official-artwork/735.png
736,턱지충이,grubbin,7,0.4,4.4,bug,,47,62,45,55,45,46,300,255,70,False,False,medium,swarm,https://raw.githubusercontent.com/PokeAPI/sprites/master/sprites/pokemon/other/official-artwork/736.png
737,전지충이,charjabug,7,0.5,10.5,bug,electric,57,82,95,55,75,36,400,120,70,False,False,medium,battery,https://raw.githubusercontent.com/PokeAPI/sprites/master/sprites/pokemon/other/official-artwork/737.png
738,투구뿌논,vikavolt,7,1.5,45.0,bug,electric,77,70,90,145,75,43,500,45,70,False,False,medium,levitate,https://raw.githubusercontent.com/PokeAPI/sprites/master/sprites/pokemon/other/official-artwork/738.png
739,오기지게,crabrawler,7,0.6,7.0,fighting,,47,82,57,42,47,63,338,225,70,False,False,medium,"hyper-cutter, iron-fist, anger-point",https://raw.githubusercontent.com/PokeAPI/sprites/master/sprites/pokemon/other/official-artwork/739.png
740,모단단게,crabominable,7,1.7,180.0,fighting,ice,97,132,77,62,67,43,478,60,70,False,False,medium,"hyper-cutter, iron-fist, anger-point",https://raw.githubusercontent.com/PokeAPI/sprites/master/sprites/pokemon/other/official-artwork/740.png
741,춤추새,oricorio-baile,7,0.6,3.4,fire,flying,75,70,70,98,70,93,476,45,70,False,False,medium,dancer,https://raw.githubusercontent.com/PokeAPI/sprites/master/sprites/pokemon/other/official-artwork/741.png
742,에블리,cutiefly,7,0.1,0.2,bug,fairy,40,45,40,55,40,84,304,190,70,False,False,medium,"honey-gather, shield-dust, sweet-veil",https://raw.githubusercontent.com/PokeAPI/sprites/master/sprites/pokemon/other/official-artwork/742.png
743,에리본,ribombee,7,0.2,0.5,bug,fairy,60,55,60,95,70,124,464,75,70,False,False,medium,"honey-gather, shield-dust, sweet-veil",https://raw.githubusercontent.com/PokeAPI/sprites/master/sprites/pokemon/other/official-artwork/743.png
744,암멍이,rockruff,7,0.5,9.2,rock,,45,65,40,30,40,60,280,190,70,False,False,medium,"keen-eye, vital-spirit, steadfast",https://raw.githubusercontent.com/PokeAPI/sprites/master/sprites/pokemon/other/official-artwork/744.png
745,루가루암,lycanroc-midday,7,0.8,25.0,rock,,75,115,65,55,65,112,487,90,70,False,False,medium,"keen-eye, sand-rush, steadfast",https://raw.githubusercontent.com/PokeAPI/sprites/master/sprites/pokemon/other/official-artwork/745.png
746,약어리,wishiwashi-solo,7,0.2,0.3,water,,45,20,20,25,25,40,175,60,70,False,False,fast,schooling,https://raw.githubusercontent.com/PokeAPI/sprites/master/sprites/pokemon/other/official-artwork/746.png
747,시마사리,mareanie,7,0.4,8.0,poison,water,50,53,62,43,52,45,305,190,70,False,False,medium,"merciless, limber, regenerator",https://raw.githubusercontent.com/PokeAPI/sprites/master/sprites/pokemon/other/official-artwork/747.png
748,더시마사리,toxapex,7,0.7,14.5,poison,water,50,63,152,53,142,35,495,75,70,False,False,medium,"merciless, limber, regenerator",https://raw.githubusercontent.com/PokeAPI/sprites/master/sprites/pokemon/other/official-artwork/748.png
749,머드나기,mudbray,7,1.0,110.0,ground,,70,100,70,45,55,45,385,190,70,False,False,medium,"own-tempo, stamina, inner-focus",https://raw.githubusercontent.com/PokeAPI/sprites/master/sprites/pokemon/other/official-artwork/749.png
750,만마드,mudsdale,7,2.5,920.0,ground,,100,125,100,55,85,35,500,60,70,False,False,medium,"own-tempo, stamina, inner-focus",https://raw.githubusercontent.com/PokeAPI/sprites/master/sprites/pokemon/other/official-artwork/750.png
751,물거미,dewpider,7,0.3,4.0,water,bug,38,40,52,40,72,27,269,200,70,False,False,medium,"water-bubble, water-absorb",https://raw.githubusercontent.com/PokeAPI/sprites/master/sprites/pokemon/other/official-artwork/751.png
752,깨비물거미,araquanid,7,1.8,82.0,water,bug,68,70,92,50,132,42,454,100,70,False,False,medium,"water-bubble, water-absorb",https://raw.githubusercontent.com/PokeAPI/sprites/master/sprites/pokemon/other/official-artwork/752.png
753,짜랑랑,fomantis,7,0.3,1.5,grass,,40,55,35,50,35,35,250,190,70,False,False,medium,"leaf-guard, contrary",https://raw.githubusercontent.com/PokeAPI/sprites/master/sprites/pokemon/other/official-artwork/753.png
754,라란티스,lurantis,7,0.9,18.5,grass,,70,105,90,80,90,45,480,75,70,False,False,medium,"leaf-guard, contrary",https://raw.githubusercontent.com/PokeAPI/sprites/master/sprites/pokemon/other/official-artwork/754.png
755,자마슈,morelull,7,0.2,1.5,grass,fairy,40,35,55,65,75,15,285,190,70,False,False,medium,"illuminate, effect-spore, rain-dish",https://raw.githubusercontent.com/PokeAPI/sprites/master/sprites/pokemon/other/official-artwork/755.png
756,마셰이드,shiinotic,7,1.0,11.5,grass,fairy,60,45,80,90,100,30,405,75,70,False,False,medium,"illuminate, effect-spore, rain-dish",https://raw.githubusercontent.com/PokeAPI/sprites/master/sprites/pokemon/other/official-artwork/756.png
757,야도뇽,salandit,7,0.6,4.8,poison,fire,48,44,40,71,40,77,320,120,70,False,False,medium,"corrosion, oblivious",https://raw.githubusercontent.com/PokeAPI/sprites/master/sprites/pokemon/other/official-artwork/757.png
758,염뉴트,salazzle,7,1.2,22.2,poison,fire,68,64,60,111,60,117,480,45,70,False,False,medium,"corrosion, oblivious",https://raw.githubusercontent.com/PokeAPI/sprites/master/sprites/pokemon/other/official-artwork/758.png
759,포곰곰,stufful,7,0.5,6.8,normal,fighting,70,75,50,45,50,50,340,140,70,False,False,medium,"fluffy, klutz, cute-charm",https://raw.githubusercontent.com/PokeAPI/sprites/master/sprites/pokemon/other/official-artwork/759.png
760,이븐곰,bewear,7,2.1,135.0,normal,fighting,120,125,80,55,60,60,500,70,70,False,False,medium,"fluffy, klutz, unnerve",https://raw.githubusercontent.com/PokeAPI/sprites/master/sprites/pokemon/other/official-artwork/760.png
761,달콤아,bounsweet,7,0.3,3.2,grass,,42,30,38,30,38,32,210,235,70,False,False,medium-slow,"leaf-guard, oblivious, sweet-veil",https://raw.githubusercontent.com/PokeAPI/sprites/master/sprites/pokemon/other/official-artwork/761.png
762,달무리나,steenee,7,0.7,8.2,grass,,52,40,48,40,48,62,290,120,70,False,False,medium-slow,"leaf-guard, oblivious, sweet-veil",https://raw.githubusercontent.com/PokeAPI/sprites/master/sprites/pokemon/other/official-artwork/762.png
763,달코퀸,tsareena,7,1.2,21.4,grass,,72,120,98,50,98,72,510,45,70,False,False,medium-slow,"leaf-guard, queenly-majesty, sweet-veil",https://raw.githubusercontent.com/PokeAPI/sprites/master/sprites/pokemon/other/official-artwork/763.png
764,큐아링,comfey,7,0.1,0.3,fairy,,51,52,90,82,110,100,485,60,70,False,False,fast,"flower-veil, triage, natural-cure",https://raw.githubusercontent.com/PokeAPI/sprites/master/sprites/pokemon/other/official-artwork/764.png
765,하랑우탄,oranguru,7,1.5,76.0,normal,psychic,90,60,80,90,110,60,490,45,70,False,False,slow,"inner-focus, telepathy, symbiosis",https://raw.githubusercontent.com/PokeAPI/sprites/master/sprites/pokemon/other/official-artwork/765.png
766,내던숭이,passimian,7,2.0,82.8,fighting,,100,120,90,40,60,80,490,45,70,False,False,slow,"receiver, defiant",https://raw.githubusercontent.com/PokeAPI/sprites/master/sprites/pokemon/other/official-artwork/766.png
767,꼬시레,wimpod,7,0.5,12.0,bug,water,25,35,40,20,30,80,230,90,70,False,False,medium,wimp-out,https://raw.githubusercontent.com/PokeAPI/sprites/master/sprites/pokemon/other/official-artwork/767.png
768,갑주무사,golisopod,7,2.0,108.0,bug,water,75,125,140,60,90,40,530,45,70,False,False,medium,emergency-exit,https://raw.githubusercontent.com/PokeAPI/sprites/master/sprites/pokemon/other/official-artwork/768.png
769,모래꿍,sandygast,7,0.5,70.0,ghost,ground,55,55,80,70,45,15,320,140,70,False,False,medium,"water-compaction, sand-veil",https://raw.githubusercontent.com/PokeAPI/sprites/master/sprites/pokemon/other/official-artwork/769.png
770,모래성이당,palossand,7,1.3,250.0,ghost,ground,85,75,110,100,75,35,480,60,70,False,False,medium,"water-compaction, sand-veil",https://raw.githubusercontent.com/PokeAPI/sprites/master/sprites/pokemon/other/official-artwork/770.png
771,해무기,pyukumuku,7,0.3,1.2,water,,55,60,130,30,130,5,410,60,70,False,False,fast,"innards-out, unaware",https://raw.githubusercontent.com/PokeAPI/sprites/master/sprites/pokemon/other/official-artwork/771.png
772,타입:널,type-null,7,1.9,120.5,normal,,95,95,95,95,95,59,534,3,0,True,False,slow,battle-armor,https://raw.githubusercontent.com/PokeAPI/sprites/master/sprites/pokemon/other/official-artwork/772.png
773,실버디,silvally,7,2.3,100.5,normal,,95,95,95,95,95,95,570,3,0,True,False,slow,rks-system,https://raw.githubusercontent.com/PokeAPI/sprites/master/sprites/pokemon/other/official-artwork/773.png
774,메테노,minior-red-meteor,7,0.3,40.0,rock,flying,60,60,100,60,100,60,440,30,70,False,False,medium-slow,shields-down,https://raw.githubusercontent.com/PokeAPI/sprites/master/sprites/pokemon/other/official-artwork/774.png
775,자말라,komala,7,0.4,19.9,normal,,65,115,65,75,95,65,480,45,70,False,False,slow,comatose,https://raw.githubusercontent.com/PokeAPI/sprites/master/sprites/pokemon/other/official-artwork/775.png
776,폭거북스,turtonator,7,2.0,212.0,fire,dragon,60,78,135,91,85,36,485,70,70,False,False,medium,shell-armor,https://raw.githubusercontent.com/PokeAPI/sprites/master/sprites/pokemon/other/official-artwork/776.png
777,토게데마루,togedemaru,7,0.3,3.3,electric,steel,65,98,63,40,73,96,435,180,70,False,False,medium,"iron-barbs, lightning-rod, sturdy",https://raw.githubusercontent.com/PokeAPI/sprites/master/sprites/pokemon/other/official-artwork/777.png
778,따라큐,mimikyu-disguised,7,0.2,0.7,ghost,fairy,55,90,80,50,105,96,476,45,70,False,False,medium,disguise,https://raw.githubusercontent.com/PokeAPI/sprites/master/sprites/pokemon/other/official-artwork/778.png
779,치갈기,bruxish,7,0.9,19.0,water,psychic,68,105,70,70,70,92,475,80,70,False,False,medium,"dazzling, strong-jaw, wonder-skin",https://raw.githubusercontent.com/PokeAPI/sprites/master/sprites/pokemon/other/official-artwork/779.png
780,할비롱,drampa,7,3.0,185.0,normal,dragon,78,60,85,135,91,36,485,70,70,False,False,medium,"berserk, sap-sipper, cloud-nine",https://raw.githubusercontent.com/PokeAPI/sprites/master/sprites/pokemon/other/official-artwork/780.png
781,타타륜,dhelmise,7,3.9,210.0,ghost,grass,70,131,100,86,90,40,517,25,70,False,False,medium,steelworker,https://raw.githubusercontent.com/PokeAPI/sprites/master/sprites/pokemon/other/official-artwork/781.png
782,짜랑꼬,jangmo-o,7,0.6,29.7,dragon,,45,55,65,45,45,45,300,45,70,False,False,slow,"bulletproof, soundproof, overcoat",https://raw.githubusercontent.com/PokeAPI/sprites/master/sprites/pokemon/other/official-artwork/782.png
783,짜랑고우,hakamo-o,7,1.2,47.0,dragon,fighting,55,75,90,65,70,65,420,45,70,False,False,slow,"bulletproof, soundproof, overcoat",https://raw.githubusercontent.com/PokeAPI/sprites/master/sprites/pokemon/other/official-artwork/783.png
784,짜랑고우거,kommo-o,7,1.6,78.2,dragon,fighting,75,110,125,100,105,85,600,45,70,False,False,slow,"bulletproof, soundproof, overcoat",https://raw.githubusercontent.com/PokeAPI/sprites/master/sprites/pokemon/other/official-artwork/784.png
785,카푸꼬꼬꼭,tapu-koko,7,1.8,20.5,electric,fairy,70,115,85,95,75,130,570,3,70,True,False,slow,"electric-surge, telepathy",https://raw.githubusercontent.com/PokeAPI/sprites/master/sprites/pokemon/other/official-artwork/785.png
786,카푸나비나,tapu-lele,7,1.2,18.6,psychic,fairy,70,85,75,130,115,95,570,3,70,True,False,slow,"psychic-surge, telepathy",https://raw.githubusercontent.com/PokeAPI/sprites/master/sprites/pokemon/other/official-artwork/786.png
787,카푸브루루,tapu-bulu,7,1.9,45.5,grass,fairy,70,130,115,85,95,75,570,3,70,True,False,slow,"grassy-surge, telepathy",https://raw.githubusercontent.com/PokeAPI/sprites/master/sprites/pokemon/other/official-artwork/787.png
788,카푸느지느,tapu-fini,7,1.3,21.2,water,fairy,70,75,115,95,130,85,570,3,70,True,False,slow,"misty-surge, telepathy",https://raw.githubusercontent.com/PokeAPI/sprites/master/sprites/pokemon/other/official-artwork/788.png
789,코스모그,cosmog,7,0.2,0.1,psychic,,43,29,31,29,31,37,200,45,0,True,False,slow,unaware,https://raw.githubusercontent.com/PokeAPI/sprites/master/sprites/pokemon/other/official-artwork/789.png
790,코스모움,cosmoem,7,0.1,999.9,psychic,,43,29,131,29,131,37,400,45,0,True,False,slow,sturdy,https://raw.githubusercontent.com/PokeAPI/sprites/master/sprites/pokemon/other/official-artwork/790.png
791,솔가레오,solgaleo,7,3.4,230.0,psychic,steel,137,137,107,113,89,97,680,45,0,True,False,slow,full-metal-body,https://raw.githubusercontent.com/PokeAPI/sprites/master/sprites/pokemon/other/official-artwork/791.png
792,루나아라,lunala,7,4.0,120.0,psychic,ghost,137,113,89,137,107,97,680,45,0,True,False,slow,shadow-shield,https://raw.githubusercontent.com/PokeAPI/sprites/master/sprites/pokemon/other/official-artwork/792.png
793,텅비드,nihilego,7,1.2,55.5,rock,poison,109,53,47,127,131,103,570,45,0,False,False,slow,beast-boost,https://raw.githubusercontent.com/PokeAPI/sprites/master/sprites/pokemon/other/official-artwork/793.png
794,매시붕,buzzwole,7,2.4,333.6,bug,fighting,107,139,139,53,53,79,570,45,0,False,False,slow,beast-boost,https://raw.githubusercontent.com/PokeAPI/sprites/master/sprites/pokemon/other/official-artwork/794.png
795,페로코체,pheromosa,7,1.8,25.0,bug,fighting,71,137,37,137,37,151,570,45,0,False,False,slow,beast-boost,https://raw.githubusercontent.com/PokeAPI/sprites/master/sprites/pokemon/other/official-artwork/795.png
796,전수목,xurkitree,7,3.8,100.0,electric,,83,89,71,173,71,83,570,45,0,False,False,slow,beast-boost,https://raw.githubusercontent.com/PokeAPI/sprites/master/sprites/pokemon/other/official-artwork/796.png
797,철화구야,celesteela,7,9.2,999.9,steel,flying,97,101,103,107,101,61,570,45,0,False,False,slow,beast-boost,https://raw.githubusercontent.com/PokeAPI/sprites/master/sprites/pokemon/other/official-artwork/797.png
798,종이신도,kartana,7,0.3,0.1,grass,steel,59,181,131,59,31,109,570,45,0,False,False,slow,beast-boost,https://raw.githubusercontent.com/PokeAPI/sprites/master/sprites/pokemon/other/official-artwork/798.png
799,악식킹,guzzlord,7,5.5,888.0,dark,dragon,223,101,53,97,53,43,570,45,0,False,False,slow,beast-boost,https://raw.githubusercontent.com/PokeAPI/sprites/master/sprites/pokemon/other/official-artwork/799.png
800,네크로즈마,necrozma,7,2.4,230.0,psychic,,97,107,101,127,89,79,600,255,0,True,False,slow,prism-armor,https://raw.githubusercontent.com/PokeAPI/sprites/master/sprites/pokemon/other/official-artwork/800.png
801,마기아나,magearna,7,1.0,80.5,steel,fairy,80,95,115,130,115,65,600,3,0,False,True,slow,soul-heart,https://raw.githubusercontent.com/PokeAPI/sprites/master/sprites/pokemon/other/official-artwork/801.png
802,마샤도,marshadow,7,0.7,22.2,fighting,ghost,90,125,80,90,90,125,600,3,0,False,True,slow,technician,https://raw.githubusercontent.com/PokeAPI/sprites/master/sprites/pokemon/other/official-artwork/802.png
803,베베놈,poipole,7,0.6,1.8,poison,,67,73,67,73,67,73,420,45,0,False,False,slow,beast-boost,https://raw.githubusercontent.com/PokeAPI/sprites/master/sprites/pokemon/other/official-artwork/803.png
804,아고용,naganadel,7,3.6,150.0,poison,dragon,73,73,73,127,73,121,540,45,0,False,False,slow,beast-boost,https://raw.githubusercontent.com/PokeAPI/sprites/master/sprites/pokemon/other/official-artwork/804.png
805,차곡차곡,stakataka,7,5.5,820.0,rock,steel,61,131,211,53,101,13,570,30,0,False,False,slow,beast-boost,https://raw.githubusercontent.com/PokeAPI/sprites/master/sprites/pokemon/other/official-artwork/805.png
806,두파팡,blacephalon,7,1.8,13.0,fire,ghost,53,127,53,151,79,107,570,30,0,False,False,slow,beast-boost,https://raw.githubusercontent.com/PokeAPI/sprites/master/sprites/pokemon/other/official-artwork/806.png
807,제라오라,zeraora,7,1.5,44.5,electric,,88,112,75,102,80,143,600,3,0,False,True,slow,volt-absorb,https://raw.githubusercontent.com/PokeAPI/sprites/master/sprites/pokemon/other/official-artwork/807.png
808,멜탄,meltan,7,0.2,8.0,steel,,46,65,65,55,35,34,300,3,0,False,True,slow,magnet-pull,https://raw.githubusercontent.com/PokeAPI/sprites/master/sprites/pokemon/other/official-artwork/808.png
809,멜메탈,melmetal,7,2.5,800.0,steel,,135,143,143,80,65,34,600,3,0,False,True,slow,iron-fist,https://raw.githubusercontent.com/PokeAPI/sprites/master/sprites/pokemon/other/official-artwork/809.png
810,흥나숭,grookey,8,0.3,5.0,grass,,50,65,50,40,40,65,310,45,50,False,False,medium-slow,"overgrow, grassy-surge",https://raw.githubusercontent.com/PokeAPI/sprites/master/sprites/pokemon/other/official-artwork/810.png
811,채키몽,thwackey,8,0.7,14.0,grass,,70,85,70,55,60,80,420,45,50,False,False,medium-slow,"overgrow, grassy-surge",https://raw.githubusercontent.com/PokeAPI/sprites/master/sprites/pokemon/other/official-artwork/811.png
812,고릴타,rillaboom,8,2.1,90.0,grass,,100,125,90,60,70,85,530,45,50,False,False,medium-slow,"overgrow, grassy-surge",https://raw.githubusercontent.com/PokeAPI/sprites/master/sprites/pokemon/other/official-artwork/812.png
813,염버니,scorbunny,8,0.3,4.5,fire,,50,71,40,40,40,69,310,45,50,False,False,medium-slow,"blaze, libero",https://raw.githubusercontent.com/PokeAPI/sprites/master/sprites/pokemon/other/official-artwork/813.png
814,래비풋,raboot,8,0.6,9.0,fire,,65,86,60,55,60,94,420,45,50,False,False,medium-slow,"blaze, libero",https://raw.githubusercontent.com/PokeAPI/sprites/master/sprites/pokemon/other/official-artwork/814.png
815,에이스번,cinderace,8,1.4,33.0,fire,,80,116,75,65,75,119,530,45,50,False,False,medium-slow,"blaze, libero",https://raw.githubusercontent.com/PokeAPI/sprites/master/sprites/pokemon/other/official-artwork/815.png
816,울머기,sobble,8,0.3,4.0,water,,50,40,40,70,40,70,310,45,50,False,False,medium-slow,"torrent, sniper",https://raw.githubusercontent.com/PokeAPI/sprites/master/sprites/pokemon/other/official-artwork/816.png
817,누겔레온,drizzile,8,0.7,11.5,water,,65,60,55,95,55,90,420,45,50,False,False,medium-slow,"torrent, sniper",https://raw.githubusercontent.com/PokeAPI/sprites/master/sprites/pokemon/other/official-artwork/817.png
818,인텔리레온,inteleon,8,1.9,45.2,water,,70,85,65,125,65,120,530,45,50,False,False,medium-slow,"torrent, sniper",https://raw.githubusercontent.com/PokeAPI/sprites/master/sprites/pokemon/other/official-artwork/818.png
819,탐리스,skwovet,8,0.3,2.5,normal,,70,55,55,35,35,25,275,255,50,False,False,medium,"cheek-pouch, gluttony",https://raw.githubusercontent.com/PokeAPI/sprites/master/sprites/pokemon/other/official-artwork/819.png
820,요씽리스,greedent,8,0.6,6.0,normal,,120,95,95,55,75,20,460,90,50,False,False,medium,"cheek-pouch, gluttony",https://raw.githubusercontent.com/PokeAPI/sprites/master/sprites/pokemon/other/official-artwork/820.png
821,파라꼬,rookidee,8,0.2,1.8,flying,,38,47,35,33,35,57,245,255,50,False,False,medium-slow,"keen-eye, unnerve, big-pecks",https://raw.githubusercontent.com/PokeAPI/sprites/master/sprites/pokemon/other/official-artwork/821.png
822,파크로우,corvisquire,8,0.8,16.0,flying,,68,67,55,43,55,77,365,120,50,False,False,medium-slow,"keen-eye, unnerve, big-pecks",https://raw.githubusercontent.com/PokeAPI/sprites/master/sprites/pokemon/other/official-artwork/822.png
823,아머까오,corviknight,8,2.2,75.0,flying,steel,98,87,105,53,85,67,495,45,50,False,False,medium-slow,"pressure, unnerve, mirror-armor",https://raw.githubusercontent.com/PokeAPI/sprites/master/sprites/pokemon/other/official-artwork/823.png
824,두루지벌레,blipbug,8,0.4,8.0,bug,,25,20,20,25,45,45,180,255,50,False,False,medium,"swarm, compound-eyes, telepathy",https://raw.githubusercontent.com/PokeAPI/sprites/master/sprites/pokemon/other/official-artwork/824.png
825,레돔벌레,dottler,8,0.4,19.5,bug,psychic,50,35,80,50,90,30,335,120,50,False,False,medium,"swarm, compound-eyes, telepathy",https://raw.githubusercontent.com/PokeAPI/sprites/master/sprites/pokemon/other/official-artwork/825.png
826,이올브,orbeetle,8,0.4,40.8,bug,psychic,60,45,110,80,120,90,505,45,50,False,False,medium,"swarm, frisk, telepathy",https://raw.githubusercontent.com/PokeAPI/sprites/master/sprites/pokemon/other/official-artwork/826.png
827,훔처우,nickit,8,0.6,8.9,dark,,40,28,28,47,52,50,245,255,50,False,False,fast,"run-away, unburden, stakeout",https://raw.githubusercontent.com/PokeAPI/sprites/master/sprites/pokemon/other/official-artwork/827.png
828,폭슬라이,thievul,8,1.2,19.9,dark,,70,58,58,87,92,90,455,127,50,False,False,fast,"run-away, unburden, stakeout",https://raw.githubusercontent.com/PokeAPI/sprites/master/sprites/pokemon/other/official-artwork/828.png
829,꼬모카,gossifleur,8,0.4,2.2,grass,,40,40,60,40,60,10,250,190,50,False,False,medium,"cotton-down, regenerator, effect-spore",https://raw.githubusercontent.com/PokeAPI/sprites/master/sprites/pokemon/other/official-artwork/829.png
830,백솜모카,eldegoss,8,0.5,2.5,grass,,60,50,90,80,120,60,460,75,50,False,False,medium,"cotton-down, regenerator, effect-spore",https://raw.githubusercontent.com/PokeAPI/sprites/master/sprites/pokemon/other/official-artwork/830.png
831,우르,wooloo,8,0.6,6.0,normal,,42,40,55,40,45,48,270,255,50,False,False,medium,"fluffy, run-away, bulletproof",https://raw.githubusercontent.com/PokeAPI/sprites/master/sprites/pokemon/other/official-artwork/831.png
832,배우르,dubwool,8,1.3,43.0,normal,,72,80,100,60,90,88,490,127,50,False,False,medium,"fluffy, steadfast, bulletproof",https://raw.githubusercontent.com/PokeAPI/sprites/master/sprites/pokemon/other/official-artwork/832.png
833,깨물부기,chewtle,8,0.3,8.5,water,,50,64,50,38,38,44,284,255,50,False,False,medium,"strong-jaw, shell-armor, swift-swim",https://raw.githubusercontent.com/PokeAPI/sprites/master/sprites/pokemon/other/official-artwork/833.png
834,갈가부기,drednaw,8,1.0,115.5,water,rock,90,115,90,48,68,74,485,75,50,False,False,medium,"strong-jaw, shell-armor, swift-swim",https://raw.githubusercontent.com/PokeAPI/sprites/master/sprites/pokemon/other/official-artwork/834.png
835,멍파치,yamper,8,0.3,13.5,electric,,59,45,50,40,50,26,270,255,50,False,False,fast,"ball-fetch, rattled",https://raw.githubusercontent.com/PokeAPI/sprites/master/sprites/pokemon/other/official-artwork/835.png
836,펄스멍,boltund,8,1.0,34.0,electric,,69,90,60,90,60,121,490,45,50,False,False,fast,"strong-jaw, competitive",https://raw.githubusercontent.com/PokeAPI/sprites/master/sprites/pokemon/other/official-artwork/836.png
837,탄동,rolycoly,8,0.3,12.0,rock,,30,40,50,40,50,30,240,255,50,False,False,medium-slow,"steam-engine, heatproof, flash-fire",https://raw.githubusercontent.com/PokeAPI/sprites/master/sprites/pokemon/other/official-artwork/837.png
838,탄차곤,carkol,8,1.1,78.0,rock,fire,80,60,90,60,70,50,410,120,50,False,False,medium-slow,"steam-engine, flame-body, flash-fire",https://raw.githubusercontent.com/PokeAPI/sprites/master/sprites/pokemon/other/official-artwork/838.png
839,석탄산,coalossal,8,2.8,310.5,rock,fire,110,80,120,80,90,30,510,45,50,False,False,medium-slow,"steam-engine, flame-body, flash-fire",https://raw.githubusercontent.com/PokeAPI/sprites/master/sprites/pokemon/other/official-artwork/839.png
840,과사삭벌레,applin,8,0.2,0.5,grass,dragon,40,40,80,40,40,20,260,255,50,False,False,slow-then-very-fast,"ripen, gluttony, bulletproof",https://raw.githubusercontent.com/PokeAPI/sprites/master/sprites/pokemon/other/official-artwork/840.png
841,애프룡,flapple,8,0.3,1.0,grass,dragon,70,110,80,95,60,70,485,45,50,False,False,slow-then-very-fast,"ripen, gluttony, hustle",https://raw.githubusercontent.com/PokeAPI/sprites/master/sprites/pokemon/other/official-artwork/841.png
842,단지래플,appletun,8,0.4,13.0,grass,dragon,110,85,80,100,80,30,485,45,50,False,False,slow-then-very-fast,"ripen, gluttony, thick-fat",https://raw.githubusercontent.com/PokeAPI/sprites/master/sprites/pokemon/other/official-artwork/842.png
843,모래뱀,silicobra,8,2.2,7.6,ground,,52,57,75,35,50,46,315,255,50,False,False,medium,"sand-spit, shed-skin, sand-veil",https://raw.githubusercontent.com/PokeAPI/sprites/master/sprites/pokemon/other/official-artwork/843.png
844,사다이사,sandaconda,8,3.8,65.5,ground,,72,107,125,65,70,71,510,120,50,False,False,medium,"sand-spit, shed-skin, sand-veil",https://raw.githubusercontent.com/PokeAPI/sprites/master/sprites/pokemon/other/official-artwork/844.png
845,윽우지,cramorant,8,0.8,18.0,flying,water,70,85,55,85,95,85,475,45,50,False,False,medium,gulp-missile,https://raw.githubusercontent.com/PokeAPI/sprites/master/sprites/pokemon/other/official-artwork/845.png
846,찌로꼬치,arrokuda,8,0.5,1.0,water,,41,63,40,40,30,66,280,255,50,False,False,slow,"swift-swim, propeller-tail",https://raw.githubusercontent.com/PokeAPI/sprites/master/sprites/pokemon/other/official-artwork/846.png
847,꼬치조,barraskewda,8,1.3,30.0,water,,61,123,60,60,50,136,490,60,50,False,False,slow,"swift-swim, propeller-tail",https://raw.githubusercontent.com/PokeAPI/sprites/master/sprites/pokemon/other/official-artwork/847.png
848,일레즌,toxel,8,0.4,11.0,electric,poison,40,38,35,54,35,40,242,75,50,False,False,medium-slow,"rattled, static, klutz",https://raw.githubusercontent.com/PokeAPI/sprites/master/sprites/pokemon/other/official-artwork/848.png
849,스트린더,toxtricity-amped,8,1.6,40.0,electric,poison,75,98,70,114,70,75,502,45,50,False,False,medium-slow,"punk-rock, plus, technician",https://raw.githubusercontent.com/PokeAPI/sprites/master/sprites/pokemon/other/official-artwork/849.png
850,태우지네,sizzlipede,8,0.7,1.0,fire,bug,50,65,45,50,50,45,305,190,50,False,False,medium,"flash-fire, white-smoke, flame-body",https://raw.githubusercontent.com/PokeAPI/sprites/master/sprites/pokemon/other/official-artwork/850.png
851,다태우지네,centiskorch,8,3.0,120.0,fire,bug,100,115,65,90,90,65,525,75,50,False,False,medium,"flash-fire, white-smoke, flame-body",https://raw.githubusercontent.com/PokeAPI/sprites/master/sprites/pokemon/other/official-artwork/851.png
852,때때무노,clobbopus,8,0.6,4.0,fighting,,50,68,60,50,50,32,310,180,50,False,False,medium-slow,"limber, technician",https://raw.githubusercontent.com/PokeAPI/sprites/master/sprites/pokemon/other/official-artwork/852.png
853,케오퍼스,grapploct,8,1.6,39.0,fighting,,80,118,90,70,80,42,480,45,50,False,False,medium-slow,"limber, technician",https://raw.githubusercontent.com/PokeAPI/sprites/master/sprites/pokemon/other/official-artwork/853.png
854,데인차,sinistea,8,0.1,0.2,ghost,,40,45,45,74,54,50,308,120,50,False,False,medium,"weak-armor, cursed-body",https://raw.githubusercontent.com/PokeAPI/sprites/master/sprites/pokemon/other/official-artwork/854.png
855,포트데스,polteageist,8,0.2,0.4,ghost,,60,65,65,134,114,70,508,60,50,False,False,medium,"weak-armor, cursed-body",https://raw.githubusercontent.com/PokeAPI/sprites/master/sprites/pokemon/other/official-artwork/855.png
856,몸지브림,hatenna,8,0.4,3.4,psychic,,42,30,45,56,53,39,265,235,50,False,False,slow,"healer, anticipation, magic-bounce",https://raw.githubusercontent.com/PokeAPI/sprites/master/sprites/pokemon/other/official-artwork/856.png
857,손지브림,hattrem,8,0.6,4.8,psychic,,57,40,65,86,73,49,370,120,50,False,False,slow,"healer, anticipation, magic-bounce",https://raw.githubusercontent.com/PokeAPI/sprites/master/sprites/pokemon/other/official-artwork/857.png
858,브리무음,hatterene,8,2.1,5.1,psychic,fairy,57,90,95,136,103,29,510,45,50,False,False,slow,"healer, anticipation, magic-bounce",https://raw.githubusercontent.com/PokeAPI/sprites/master/sprites/pokemon/other/official-artwork/858.png
859,메롱꿍,impidimp,8,0.4,5.5,dark,fairy,45,45,30,55,40,50,265,255,50,False,False,medium,"prankster, frisk, pickpocket",https://raw.githubusercontent.com/PokeAPI/sprites/master/sprites/pokemon/other/official-artwork/859.png
860,쏘겨모,morgrem,8,0.8,12.5,dark,fairy,65,60,45,75,55,70,370,120,50,False,False,medium,"prankster, frisk, pickpocket",https://raw.githubusercontent.com/PokeAPI/sprites/master/sprites/pokemon/other/official-artwork/860.png
861,오롱털,grimmsnarl,8,1.5,61.0,dark,fairy,95,120,65,95,75,60,510,45,50,False,False,medium,"prankster, frisk, pickpocket",https://raw.githubusercontent.com/PokeAPI/sprites/master/sprites/pokemon/other/official-artwork/861.png
862,가로막구리,obstagoon,8,1.6,46.0,dark,normal,93,90,101,60,81,95,520,45,50,False,False,medium,"reckless, guts, defiant",https://raw.githubusercontent.com/PokeAPI/sprites/master/sprites/pokemon/other/official-artwork/862.png
863,나이킹,perrserker,8,0.8,28.0,steel,,70,110,100,50,60,50,440,90,50,False,False,medium,"battle-armor, tough-claws, steely-spirit",https://raw.githubusercontent.com/PokeAPI/sprites/master/sprites/pokemon/other/official-artwork/863.png
864,산호르곤,cursola,8,1.0,0.4,ghost,,60,95,50,145,130,30,510,30,50,False,False,fast,"weak-armor, perish-body",https://raw.githubusercontent.com/PokeAPI/sprites/master/sprites/pokemon/other/official-artwork/864.png
865,창파나이트,sirfetchd,8,0.8,117.0,fighting,,62,135,95,68,82,65,507,45,50,False,False,medium,"steadfast, scrappy",https://raw.githubusercontent.com/PokeAPI/sprites/master/sprites/pokemon/other/official-artwork/865.png
866,마임꽁꽁,mr-rime,8,1.5,58.2,ice,psychic,80,85,75,110,100,70,520,45,50,False,False,medium,"tangled-feet, screen-cleaner, ice-body",https://raw.githubusercontent.com/PokeAPI/sprites/master/sprites/pokemon/other/official-artwork/866.png
867,데스판,runerigus,8,1.6,66.6,ground,ghost,58,95,145,50,105,30,483,90,50,False,False,medium,wandering-spirit,https://raw.githubusercontent.com/PokeAPI/sprites/master/sprites/pokemon/other/official-artwork/867.png
868,마빌크,milcery,8,0.2,0.3,fairy,,45,40,40,50,61,34,270,200,50,False,False,medium,"sweet-veil, aroma-veil",https://raw.githubusercontent.com/PokeAPI/sprites/master/sprites/pokemon/other/official-artwork/868.png
869,마휘핑,alcremie,8,0.3,0.5,fairy,,65,60,75,110,121,64,495,100,50,False,False,medium,"sweet-veil, aroma-veil",https://raw.githubusercontent.com/PokeAPI/sprites/master/sprites/pokemon/other/official-artwork/869.png
870,대여르,falinks,8,3.0,62.0,fighting,,65,100,100,70,60,75,470,45,50,False,False,medium,"battle-armor, defiant",https://raw.githubusercontent.com/PokeAPI/sprites/master/sprites/pokemon/other/official-artwork/870.png
871,찌르성게,pincurchin,8,0.3,1.0,electric,,48,101,95,91,85,15,435,75,50,False,False,medium,"lightning-rod, electric-surge",https://raw.githubusercontent.com/PokeAPI/sprites/master/sprites/pokemon/other/official-artwork/871.png
872,누니머기,snom,8,0.3,3.8,ice,bug,30,25,35,45,30,20,185,190,50,False,False,medium,"shield-dust, ice-scales",https://raw.githubusercontent.com/PokeAPI/sprites/master/sprites/pokemon/other/official-artwork/872.png
873,모스노우,frosmoth,8,1.3,42.0,ice,bug,70,65,60,125,90,65,475,75,50,False,False,medium,"shield-dust, ice-scales",https://raw.githubusercontent.com/PokeAPI/sprites/master/sprites/pokemon/other/official-artwork/873.png
874,돌헨진,stonjourner,8,2.5,520.0,rock,,100,125,135,20,20,70,470,60,50,False,False,slow,power-spot,https://raw.githubusercontent.com/PokeAPI/sprites/master/sprites/pokemon/other/official-artwork/874.png
875,빙큐보,eiscue-ice,8,1.4,89.0,ice,,75,80,110,65,90,50,470,60,50,False,False,slow,ice-face,https://raw.githubusercontent.com/PokeAPI/sprites/master/sprites/pokemon/other/official-artwork/875.png
876,에써르,indeedee-male,8,0.9,28.0,psychic,normal,60,65,55,105,95,95,475,30,140,False,False,fast,"inner-focus, synchronize, psychic-surge",https://raw.githubusercontent.com/PokeAPI/sprites/master/sprites/pokemon/other/official-artwork/876.png
877,모르페코,morpeko-full-belly,8,0.3,3.0,electric,dark,58,95,58,70,58,97,436,180,50,False,False,medium,hunger-switch,https://raw.githubusercontent.com/PokeAPI/sprites/master/sprites/pokemon/other/official-artwork/877.png
878,끼리동,cufant,8,1.2,100.0,steel,,72,80,49,40,49,40,330,190,50,False,False,medium,"sheer-force, heavy-metal",https://raw.githubusercontent.com/PokeAPI/sprites/master/sprites/pokemon/other/official-artwork/878.png
879,대왕끼리동,copperajah,8,3.0,650.0,steel,,122,130,69,80,69,30,500,90,50,False,False,medium,"sheer-force, heavy-metal",https://raw.githubusercontent.com/PokeAPI/sprites/master/sprites/pokemon/other/official-artwork/879.png
880,파치래곤,dracozolt,8,1.8,190.0,electric,dragon,90,100,90,80,70,75,505,45,50,False,False,slow,"volt-absorb, hustle, sand-rush",https://raw.githubusercontent.com/PokeAPI/sprites/master/sprites/pokemon/other/official-artwork/880.png
881,파치르돈,arctozolt,8,2.3,150.0,electric,ice,90,100,90,90,80,55,505,45,50,False,False,slow,"volt-absorb, static, slush-rush",https://raw.githubusercontent.com/PokeAPI/sprites/master/sprites/pokemon/other/official-artwork/881.png
882,어래곤,dracovish,8,2.3,215.0,water,dragon,90,90,100,70,80,75,505,45,50,False,False,slow,"water-absorb, strong-jaw, sand-rush",https://raw.githubusercontent.com/PokeAPI/sprites/master/sprites/pokemon/other/official-artwork/882.png
883,어치르돈,arctovish,8,2.0,175.0,water,ice,90,90,100,80,90,55,505,45,50,False,False,slow,"water-absorb, ice-body, slush-rush",https://raw.githubusercontent.com/PokeAPI/sprites/master/sprites/pokemon/other/official-artwork/883.png
884,두랄루돈,duraludon,8,1.8,40.0,steel,dragon,70,95,115,120,50,85,535,45,50,False,False,medium,"light-metal, heavy-metal, stalwart",https://raw.githubusercontent.com/PokeAPI/sprites/master/sprites/pokemon/other/official-artwork/884.png
885,드라꼰,dreepy,8,0.5,2.0,dragon,ghost,28,60,30,40,30,82,270,45,50,False,False,slow,"clear-body, infiltrator, cursed-body",https://raw.githubusercontent.com/PokeAPI/sprites/master/sprites/pokemon/other/official-artwork/885.png
886,드래런치,drakloak,8,1.4,11.0,dragon,ghost,68,80,50,60,50,102,410,45,50,False,False,slow,"clear-body, infiltrator, cursed-body",https://raw.githubusercontent.com/PokeAPI/sprites/master/sprites/pokemon/other/official-artwork/886.png
887,드래펄트,dragapult,8,3.0,50.0,dragon,ghost,88,120,75,100,75,142,600,45,50,False,False,slow,"clear-body, infiltrator, cursed-body",https://raw.githubusercontent.com/PokeAPI/sprites/master/sprites/pokemon/other/official-artwork/887.png
888,자시안,zacian,8,2.8,110.0,fairy,,92,120,115,80,115,138,660,10,0,True,False,slow,intrepid-sword,https://raw.githubusercontent.com/PokeAPI/sprites/master/sprites/pokemon/other/official-artwork/888.png
889,자마젠타,zamazenta,8,2.9,210.0,fighting,,92,120,115,80,115,138,660,10,0,True,False,slow,dauntless-shield,https://raw.githubusercontent.com/PokeAPI/sprites/master/sprites/pokemon/other/official-artwork/889.png
890,무한다이노,eternatus,8,20.0,950.0,poison,dragon,140,85,95,145,95,130,690,255,0,True,False,slow,pressure,https://raw.githubusercontent.com/PokeAPI/sprites/master/sprites/pokemon/other/official-artwork/890.png
891,치고마,kubfu,8,0.6,12.0,fighting,,60,90,60,53,50,72,385,3,50,True,False,slow,inner-focus,https://raw.githubusercontent.com/PokeAPI/sprites/master/sprites/pokemon/other/official-artwork/891.png
892,우라오스,urshifu-single-strike,8,1.9,105.0,fighting,dark,100,130,100,63,60,97,550,3,50,True,False,slow,unseen-fist,https://raw.githubusercontent.com/PokeAPI/sprites/master/sprites/pokemon/other/official-artwork/892.png
893,자루도,zarude,8,1.8,70.0,dark,grass,105,120,105,70,95,105,600,3,0,False,True,slow,leaf-guard,https://raw.githubusercontent.com/PokeAPI/sprites/master/sprites/pokemon/other/official-artwork/893.png
894,레지에레키,regieleki,8,1.2,145.0,electric,,80,100,50,100,50,200,580,3,35,True,False,slow,transistor,https://raw.githubusercontent.com/PokeAPI/sprites/master/sprites/pokemon/other/official-artwork/894.png
895,레지드래고,regidrago,8,2.1,200.0,dragon,,200,100,50,100,50,80,580,3,35,True,False,slow,dragons-maw,https://raw.githubusercontent.com/PokeAPI/sprites/master/sprites/pokemon/other/official-artwork/895.png
896,블리자포스,glastrier,8,2.2,800.0,ice,,100,145,130,65,110,30,580,3,35,True,False,slow,chilling-neigh,https://raw.githubusercontent.com/PokeAPI/sprites/master/sprites/pokemon/other/official-artwork/896.png
897,레이스포스,spectrier,8,2.0,44.5,ghost,,100,65,60,145,80,130,580,3,35,True,False,slow,grim-neigh,https://raw.githubusercontent.com/PokeAPI/sprites/master/sprites/pokemon/other/official-artwork/897.png
898,버드렉스,calyrex,8,1.1,7.7,psychic,grass,100,80,80,80,80,80,500,3,100,True,False,slow,unnerve,https://raw.githubusercontent.com/PokeAPI/sprites/master/sprites/pokemon/other/official-artwork/898.png
899,신비록,wyrdeer,8,1.8,95.1,normal,psychic,103,105,72,105,75,65,525,135,50,False,False,slow,"intimidate, frisk, sap-sipper",https://raw.githubusercontent.com/PokeAPI/sprites/master/sprites/pokemon/other/official-artwork/899.png
900,사마자르,kleavor,8,1.8,89.0,bug,rock,70,135,95,45,70,85,500,115,50,False,False,medium,"swarm, sheer-force, sharpness",https://raw.githubusercontent.com/PokeAPI/sprites/master/sprites/pokemon/other/official-artwork/900.png
901,다투곰,ursaluna,8,2.4,290.0,ground,normal,130,140,105,45,80,50,550,75,50,False,False,medium,"guts, bulletproof, unnerve",https://raw.githubusercontent.com/PokeAPI/sprites/master/sprites/pokemon/other/official-artwork/901.png
902,대쓰여너,basculegion-male,8,3.0,110.0,water,ghost,120,112,65,80,75,78,530,135,50,False,False,medium,"swift-swim, adaptability, mold-breaker",https://raw.githubusercontent.com/PokeAPI/sprites/master/sprites/pokemon/other/official-artwork/902.png
903,포푸니크,sneasler,8,1.3,43.0,fighting,poison,80,130,60,40,80,120,510,135,50,False,False,medium-slow,"pressure, unburden, poison-touch",https://raw.githubusercontent.com/PokeAPI/sprites/master/sprites/pokemon/other/official-artwork/903.png
904,장침바루,overqwil,8,2.5,60.5,dark,poison,85,115,95,65,65,85,510,135,50,False,False,medium,"poison-point, swift-swim, intimidate",https://raw.githubusercontent.com/PokeAPI/sprites/master/sprites/pokemon/other/official-artwork/904.png
905,러브로스,enamorus-incarnate,8,1.6,48.0,fairy,flying,74,115,70,135,80,106,580,3,50,True,False,slow,"cute-charm, contrary",https://raw.githubusercontent.com/PokeAPI/sprites/master/sprites/pokemon/other/official-artwork/905.png
906,나오하,sprigatito,9,0.4,4.1,grass,,40,61,54,45,45,65,310,45,50,False,False,medium-slow,"overgrow, protean",https://raw.githubusercontent.com/PokeAPI/sprites/master/sprites/pokemon/other/official-artwork/906.png
907,나로테,floragato,9,0.9,12.2,grass,,61,80,63,60,63,83,410,45,50,False,False,medium-slow,"overgrow, protean",https://raw.githubusercontent.com/PokeAPI/sprites/master/sprites/pokemon/other/official-artwork/907.png
908,마스카나,meowscarada,9,1.5,31.2,grass,dark,76,110,70,81,70,123,530,45,50,False,False,medium-slow,"overgrow, protean",https://raw.githubusercontent.com/PokeAPI/sprites/master/sprites/pokemon/other/official-artwork/908.png
909,뜨아거,fuecoco,9,0.4,9.8,fire,,67,45,59,63,40,36,310,45,50,False,False,medium-slow,"blaze, unaware",https://raw.githubusercontent.com/PokeAPI/sprites/master/sprites/pokemon/other/official-artwork/909.png
910,악뜨거,crocalor,9,1.0,30.7,fire,,81,55,78,90,58,49,411,45,50,False,False,medium-slow,"blaze, unaware",https://raw.githubusercontent.com/PokeAPI/sprites/master/sprites/pokemon/other/official-artwork/910.png
911,라우드본,skeledirge,9,1.6,326.5,fire,ghost,104,75,100,110,75,66,530,45,50,False,False,medium-slow,"blaze, unaware",https://raw.githubusercontent.com/PokeAPI/sprites/master/sprites/pokemon/other/official-artwork/911.png
912,꾸왁스,quaxly,9,0.5,6.1,water,,55,65,45,50,45,50,310,45,50,False,False,medium-slow,"torrent, moxie",https://raw.githubusercontent.com/PokeAPI/sprites/master/sprites/pokemon/other/official-artwork/912.png
913,아꾸왁,quaxwell,9,1.2,21.5,water,,70,85,65,65,60,65,410,45,50,False,False,medium-slow,"torrent, moxie",https://raw.githubusercontent.com/PokeAPI/sprites/master/sprites/pokemon/other/official-artwork/913.png
914,웨이니발,quaquaval,9,1.8,61.9,water,fighting,85,120,80,85,75,85,530,45,50,False,False,medium-slow,"torrent, moxie",https://raw.githubusercontent.com/PokeAPI/sprites/master/sprites/pokemon/other/official-artwork/914.png
915,맛보돈,lechonk,9,0.5,10.2,normal,,54,45,40,35,45,35,254,255,50,False,False,medium,"aroma-veil, gluttony, thick-fat",https://raw.githubusercontent.com/PokeAPI/sprites/master/sprites/pokemon/other/official-artwork/915.png
916,퍼퓨돈,oinkologne-male,9,1.0,120.0,normal,,110,100,75,59,80,65,489,100,50,False,False,medium,"lingering-aroma, gluttony, thick-fat",https://raw.githubusercontent.com/PokeAPI/sprites/master/sprites/pokemon/other/official-artwork/916.png
917,타랜툴라,tarountula,9,0.3,4.0,bug,,35,41,45,29,40,20,210,255,50,False,False,slow-then-very-fast,"insomnia, stakeout",https://raw.githubusercontent.com/PokeAPI/sprites/master/sprites/pokemon/other/official-artwork/917.png
918,트래피더,spidops,9,1.0,16.5,bug,,60,79,92,52,86,35,404,120,50,False,False,slow-then-very-fast,"insomnia, stakeout",https://raw.githubusercontent.com/PokeAPI/sprites/master/sprites/pokemon/other/official-artwork/918.png
919,콩알뚜기,nymble,9,0.2,1.0,bug,,33,46,40,21,25,45,210,190,20,False,False,medium,"swarm, tinted-lens",https://raw.githubusercontent.com/PokeAPI/sprites/master/sprites/pokemon/other/official-artwork/919.png
920,엑스레그,lokix,9,1.0,17.5,bug,dark,71,102,78,52,55,92,450,30,0,False,False,medium,"swarm, tinted-lens",https://raw.githubusercontent.com/PokeAPI/sprites/master/sprites/pokemon/other/official-artwork/920.png
921,빠모,pawmi,9,0.3,2.5,electric,,45,50,20,40,25,60,240,190,50,False,False,medium,"static, natural-cure, iron-fist",https://raw.githubusercontent.com/PokeAPI/sprites/master/sprites/pokemon/other/official-artwork/921.png
922,빠모트,pawmo,9,0.4,6.5,electric,fighting,60,75,40,50,40,85,350,80,50,False,False,medium,"volt-absorb, natural-cure, iron-fist",https://raw.githubusercontent.com/PokeAPI/sprites/master/sprites/pokemon/other/official-artwork/922.png
923,빠르모트,pawmot,9,0.9,41.0,electric,fighting,70,115,70,70,60,105,490,45,50,False,False,medium,"volt-absorb, natural-cure, iron-fist",https://raw.githubusercontent.com/PokeAPI/sprites/master/sprites/pokemon/other/official-artwork/923.png
924,두리쥐,tandemaus,9,0.3,1.8,normal,,50,50,45,40,45,75,305,150,50,False,False,fast,"run-away, pickup, own-tempo",https://raw.githubusercontent.com/PokeAPI/sprites/master/sprites/pokemon/other/official-artwork/924.png
925,파밀리쥐,maushold-family-of-four,9,0.3,2.8,normal,,74,75,70,65,75,111,470,75,50,False,False,fast,"friend-guard, cheek-pouch, technician",https://raw.githubusercontent.com/PokeAPI/sprites/master/sprites/pokemon/other/official-artwork/925.png
926,쫀도기,fidough,9,0.3,10.9,fairy,,37,55,70,30,55,65,312,190,50,False,False,medium-slow,"own-tempo, klutz",https://raw.githubusercontent.com/PokeAPI/sprites/master/sprites/pokemon/other/official-artwork/926.png
927,바우첼,dachsbun,9,0.5,14.9,fairy,,57,80,115,50,80,95,477,90,50,False,False,medium-slow,"well-baked-body, aroma-veil",https://raw.githubusercontent.com/PokeAPI/sprites/master/sprites/pokemon/other/official-artwork/927.png
928,미니브,smoliv,9,0.3,6.5,grass,normal,41,35,45,58,51,30,260,255,50,False,False,medium-slow,"early-bird, harvest",https://raw.githubusercontent.com/PokeAPI/sprites/master/sprites/pokemon/other/official-artwork/928.png
929,올리뇨,dolliv,9,0.6,11.9,grass,normal,52,53,60,78,78,33,354,120,50,False,False,medium-slow,"early-bird, harvest",https://raw.githubusercontent.com/PokeAPI/sprites/master/sprites/pokemon/other/official-artwork/929.png
930,올리르바,arboliva,9,1.4,48.2,grass,normal,78,69,90,125,109,39,510,45,50,False,False,medium-slow,"seed-sower, harvest",https://raw.githubusercontent.com/PokeAPI/sprites/master/sprites/pokemon/other/official-artwork/930.png
931,시비꼬,squawkabilly-green-plumage,9,0.6,2.4,normal,flying,82,96,51,45,51,92,417,190,50,False,False,slow-then-very-fast,"intimidate, hustle, guts",https://raw.githubusercontent.com/PokeAPI/sprites/master/sprites/pokemon/other/official-artwork/931.png
932,베베솔트,nacli,9,0.4,16.0,rock,,55,55,75,35,35,25,280,255,50,False,False,medium-slow,"purifying-salt, sturdy, clear-body",https://raw.githubusercontent.com/PokeAPI/sprites/master/sprites/pokemon/other/official-artwork/932.png
933,스태솔트,naclstack,9,0.6,105.0,rock,,60,60,100,35,65,35,355,120,50,False,False,medium-slow,"purifying-salt, sturdy, clear-body",https://raw.githubusercontent.com/PokeAPI/sprites/master/sprites/pokemon/other/official-artwork/933.png
934,콜로솔트,garganacl,9,2.3,240.0,rock,,100,100,130,45,90,35,500,45,50,False,False,medium-slow,"purifying-salt, sturdy, clear-body",https://raw.githubusercontent.com/PokeAPI/sprites/master/sprites/pokemon/other/official-artwork/934.png
935,카르본,charcadet,9,0.6,10.5,fire,,40,50,40,50,40,35,255,90,50,False,False,slow,"flash-fire, flame-body",https://raw.githubusercontent.com/PokeAPI/sprites/master/sprites/pokemon/other/official-artwork/935.png
936,카디나르마,armarouge,9,1.5,85.0,fire,psychic,85,60,100,125,80,75,525,25,20,False,False,slow,"flash-fire, weak-armor",https://raw.githubusercontent.com/PokeAPI/sprites/master/sprites/pokemon/other/official-artwork/936.png
937,파라블레이즈,ceruledge,9,1.6,62.0,fire,ghost,75,125,80,60,100,85,525,25,20,False,False,slow,"flash-fire, weak-armor",https://raw.githubusercontent.com/PokeAPI/sprites/master/sprites/pokemon/other/official-artwork/937.png
938,빈나두,tadbulb,9,0.3,0.4,electric,,61,31,41,59,35,45,272,190,50,False,False,medium,"own-tempo, static, damp",https://raw.githubusercontent.com/PokeAPI/sprites/master/sprites/pokemon/other/official-artwork/938.png
939,찌리배리,bellibolt,9,1.2,113.0,electric,,109,64,91,103,83,45,495,50,50,False,False,medium,"electromorphosis, static, damp",https://raw.githubusercontent.com/PokeAPI/sprites/master/sprites/pokemon/other/official-artwork/939.png
940,찌리비,wattrel,9,0.4,3.6,electric,flying,40,40,35,55,40,70,280,180,50,False,False,medium-slow,"wind-power, volt-absorb, competitive",https://raw.githubusercontent.com/PokeAPI/sprites/master/sprites/pokemon/other/official-artwork/940.png
941,찌리비크,kilowattrel,9,1.4,38.6,electric,flying,70,70,60,105,60,125,490,90,50,False,False,medium-slow,"wind-power, volt-absorb, competitive",https://raw.githubusercontent.com/PokeAPI/sprites/master/sprites/pokemon/other/official-artwork/941.png
942,오라티프,maschiff,9,0.5,16.0,dark,,60,78,60,40,51,51,340,150,50,False,False,medium-slow,"intimidate, run-away, stakeout",https://raw.githubusercontent.com/PokeAPI/sprites/master/sprites/pokemon/other/official-artwork/942.png
943,마피티프,mabosstiff,9,1.1,61.0,dark,,80,120,90,60,70,85,505,75,50,False,False,medium-slow,"intimidate, guard-dog, stakeout",https://raw.githubusercontent.com/PokeAPI/sprites/master/sprites/pokemon/other/official-artwork/943.png
944,땃쭈르,shroodle,9,0.2,0.7,poison,normal,40,65,35,40,35,75,290,190,50,False,False,medium-slow,"unburden, pickpocket, prankster",https://raw.githubusercontent.com/PokeAPI/sprites/master/sprites/pokemon/other/official-artwork/944.png
945,태깅구르,grafaiai,9,0.7,27.2,poison,normal,63,95,65,80,72,110,485,90,50,False,False,medium-slow,"unburden, poison-touch, prankster",https://raw.githubusercontent.com/PokeAPI/sprites/master/sprites/pokemon/other/official-artwork/945.png
946,그푸리,bramblin,9,0.6,0.6,grass,ghost,40,65,30,45,35,60,275,190,50,False,False,medium,"wind-rider, infiltrator",https://raw.githubusercontent.com/PokeAPI/sprites/master/sprites/pokemon/other/official-artwork/946.png
947,공푸리,brambleghast,9,1.2,6.0,grass,ghost,55,115,70,80,70,90,480,45,50,False,False,medium,"wind-rider, infiltrator",https://raw.githubusercontent.com/PokeAPI/sprites/master/sprites/pokemon/other/official-artwork/947.png
948,들눈해,toedscool,9,0.9,33.0,ground,grass,40,40,35,50,100,70,335,190,50,False,False,medium-slow,mycelium-might,https://raw.githubusercontent.com/PokeAPI/sprites/master/sprites/pokemon/other/official-artwork/948.png
949,육파리,toedscruel,9,1.9,58.0,ground,grass,80,70,65,80,120,100,515,90,50,False,False,medium-slow,mycelium-might,https://raw.githubusercontent.com/PokeAPI/sprites/master/sprites/pokemon/other/official-artwork/949.png
950,절벼게,klawf,9,1.3,79.0,rock,,70,100,115,35,55,75,450,120,50,False,False,medium,"anger-shell, shell-armor, regenerator",https://raw.githubusercontent.com/PokeAPI/sprites/master/sprites/pokemon/other/official-artwork/950.png
951,캡싸이,capsakid,9,0.3,3.0,grass,,50,62,40,62,40,50,304,190,50,False,False,medium,"chlorophyll, insomnia, klutz",https://raw.githubusercontent.com/PokeAPI/sprites/master/sprites/pokemon/other/official-artwork/951.png
952,스코빌런,scovillain,9,0.9,15.0,grass,fire,65,108,65,108,65,75,486,75,50,False,False,medium,"chlorophyll, insomnia, moody",https://raw.githubusercontent.com/PokeAPI/sprites/master/sprites/pokemon/other/official-artwork/952.png
953,구르데,rellor,9,0.2,1.0,bug,,41,50,60,31,58,30,270,190,50,False,False,fast,"compound-eyes, shed-skin",https://raw.githubusercontent.com/PokeAPI/sprites/master/sprites/pokemon/other/official-artwork/953.png
954,베라카스,rabsca,9,0.3,3.5,bug,psychic,75,50,85,115,100,45,470,45,50,False,False,fast,"synchronize, telepathy",https://raw.githubusercontent.com/PokeAPI/sprites/master/sprites/pokemon/other/official-artwork/954.png
955,하느라기,flittle,9,0.2,1.5,psychic,,30,35,30,55,30,75,255,120,50,False,False,medium-slow,"anticipation, frisk, speed-boost",https://raw.githubusercontent.com/PokeAPI/sprites/master/sprites/pokemon/other/official-artwork/955.png
956,클레스퍼트라,espathra,9,1.9,90.0,psychic,,95,60,60,101,60,105,481,60,50,False,False,medium-slow,"opportunist, frisk, speed-boost",https://raw.githubusercontent.com/PokeAPI/sprites/master/sprites/pokemon/other/official-artwork/956.png
957,어리짱,tinkatink,9,0.4,8.9,fairy,steel,50,45,45,35,64,58,297,190,50,False,False,medium-slow,"mold-breaker, own-tempo, pickpocket",https://raw.githubusercontent.com/PokeAPI/sprites/master/sprites/pokemon/other/official-artwork/957.png
958,벼리짱,tinkatuff,9,0.7,59.1,fairy,steel,65,55,55,45,82,78,380,90,50,False,False,medium-slow,"mold-breaker, own-tempo, pickpocket",https://raw.githubusercontent.com/PokeAPI/sprites/master/sprites/pokemon/other/official-artwork/958.png
959,두드리짱,tinkaton,9,0.7,112.8,fairy,steel,85,75,77,70,105,94,506,45,50,False,False,medium-slow,"mold-breaker, own-tempo, pickpocket",https://raw.githubusercontent.com/PokeAPI/sprites/master/sprites/pokemon/other/official-artwork/959.png
960,바다그다,wiglett,9,1.2,1.8,water,,10,55,25,35,25,95,245,255,50,False,False,medium,"gooey, rattled, sand-veil",https://raw.githubusercontent.com/PokeAPI/sprites/master/sprites/pokemon/other/official-artwork/960.png
961,바닥트리오,wugtrio,9,1.2,5.4,water,,35,100,50,50,70,120,425,50,50,False,False,medium,"gooey, rattled, sand-veil",https://raw.githubusercontent.com/PokeAPI/sprites/master/sprites/pokemon/other/official-artwork/961.png
962,떨구새,bombirdier,9,1.5,42.9,flying,dark,70,103,85,60,85,82,485,25,50,False,False,slow,"big-pecks, keen-eye, rocky-payload",https://raw.githubusercontent.com/PokeAPI/sprites/master/sprites/pokemon/other/official-artwork/962.png
963,맨돌핀,finizen,9,1.3,60.2,water,,70,45,40,45,40,75,315,200,50,False,False,slow,water-veil,https://raw.githubusercontent.com/PokeAPI/sprites/master/sprites/pokemon/other/official-artwork/963.png
964,돌핀맨,palafin-zero,9,1.3,60.2,water,,100,70,72,53,62,100,457,45,50,False,False,slow,zero-to-hero,https://raw.githubusercontent.com/PokeAPI/sprites/master/sprites/pokemon/other/official-artwork/964.png
965,부르롱,varoom,9,1.0,35.0,steel,poison,45,70,63,30,45,47,300,190,50,False,False,medium,"overcoat, slow-start",https://raw.githubusercontent.com/PokeAPI/sprites/master/sprites/pokemon/other/official-artwork/965.png
966,부르르룸,revavroom,9,1.8,120.0,steel,poison,80,119,90,54,67,90,500,75,50,False,False,medium,"overcoat, filter",https://raw.githubusercontent.com/PokeAPI/sprites/master/sprites/pokemon/other/official-artwork/966.png
967,모토마,cyclizar,9,1.6,63.0,dragon,normal,70,95,65,85,65,121,501,190,50,False,False,medium-slow,"shed-skin, regenerator",https://raw.githubusercontent.com/PokeAPI/sprites/master/sprites/pokemon/other/official-artwork/967.png
968,꿈트렁,orthworm,9,2.5,310.0,steel,,70,85,145,60,55,65,480,25,50,False,False,slow,"earth-eater, sand-veil",https://raw.githubusercontent.com/PokeAPI/sprites/master/sprites/pokemon/other/official-artwork/968.png
969,초롱순,glimmet,9,0.7,8.0,rock,poison,48,35,42,105,60,60,350,70,50,False,False,medium-slow,"toxic-debris, corrosion",https://raw.githubusercontent.com/PokeAPI/sprites/master/sprites/pokemon/other/official-artwork/969.png
970,킬라플로르,glimmora,9,1.5,45.0,rock,poison,83,55,90,130,81,86,525,25,50,False,False,medium-slow,"toxic-debris, corrosion",https://raw.githubusercontent.com/PokeAPI/sprites/master/sprites/pokemon/other/official-artwork/970.png
971,망망이,greavard,9,0.6,35.0,ghost,,50,61,60,30,55,34,290,120,50,False,False,medium-slow,"pickup, fluffy",https://raw.githubusercontent.com/PokeAPI/sprites/master/sprites/pokemon/other/official-artwork/971.png
972,묘두기,houndstone,9,2.0,15.0,ghost,,72,101,100,50,97,68,488,60,50,False,False,medium-slow,"sand-rush, fluffy",https://raw.githubusercontent.com/PokeAPI/sprites/master/sprites/pokemon/other/official-artwork/972.png
973,꼬이밍고,flamigo,9,1.6,37.0,flying,fighting,82,115,74,75,64,90,500,100,50,False,False,medium-slow,"scrappy, tangled-feet, costar",https://raw.githubusercontent.com/PokeAPI/sprites/master/sprites/pokemon/other/official-artwork/973.png
974,터벅고래,cetoddle,9,1.2,45.0,ice,,108,68,45,30,40,43,334,150,50,False,False,medium-slow,"thick-fat, snow-cloak, sheer-force",https://raw.githubusercontent.com/PokeAPI/sprites/master/sprites/pokemon/other/official-artwork/974.png
975,우락고래,cetitan,9,4.5,700.0,ice,,170,113,65,45,55,73,521,50,50,False,False,medium-slow,"thick-fat, slush-rush, sheer-force",https://raw.githubusercontent.com/PokeAPI/sprites/master/sprites/pokemon/other/official-artwork/975.png
976,가비루사,veluza,9,2.5,90.0,water,psychic,90,102,73,78,65,70,478,100,50,False,False,fast,"mold-breaker, sharpness",https://raw.githubusercontent.com/PokeAPI/sprites/master/sprites/pokemon/other/official-artwork/976.png
977,어써러셔,dondozo,9,12.0,220.0,water,,150,100,115,65,65,35,530,25,50,False,False,slow,"unaware, oblivious, water-veil",https://raw.githubusercontent.com/PokeAPI/sprites/master/sprites/pokemon/other/official-artwork/977.png
978,싸리용,tatsugiri-curly,9,0.3,8.0,dragon,water,68,50,60,120,95,82,475,100,50,False,False,medium-slow,"commander, storm-drain",https://raw.githubusercontent.com/PokeAPI/sprites/master/sprites/pokemon/other/official-artwork/978.png
979,저승갓숭,annihilape,9,1.2,56.0,fighting,ghost,110,115,80,50,90,90,535,45,50,False,False,medium,"vital-spirit, inner-focus, defiant",https://raw.githubusercontent.com/PokeAPI/sprites/master/sprites/pokemon/other/official-artwork/979.png
980,토오,clodsire,9,1.8,223.0,poison,ground,130,75,60,45,100,20,430,90,50,False,False,medium,"poison-point, water-absorb, unaware",https://raw.githubusercontent.com/PokeAPI/sprites/master/sprites/pokemon/other/official-artwork/980.png
981,키키링,farigiraf,9,3.2,160.0,normal,psychic,120,90,70,110,70,60,520,45,50,False,False,medium,"cud-chew, armor-tail, sap-sipper",https://raw.githubusercontent.com/PokeAPI/sprites/master/sprites/pokemon/other/official-artwork/981.png
982,노고고치,dudunsparce-two-segment,9,3.6,39.2,normal,,125,100,80,85,75,55,520,45,50,False,False,medium,"serene-grace, run-away, rattled",https://raw.githubusercontent.com/PokeAPI/sprites/master/sprites/pokemon/other/official-artwork/982.png
983,대도각참,kingambit,9,2.0,120.0,dark,steel,100,135,120,60,85,50,550,25,50,False,False,medium,"defiant, supreme-overlord, pressure",https://raw.githubusercontent.com/PokeAPI/sprites/master/sprites/pokemon/other/official-artwork/983.png
984,위대한엄니,great-tusk,9,2.2,320.0,ground,fighting,115,131,131,53,53,87,570,30,0,False,False,slow,protosynthesis,https://raw.githubusercontent.com/PokeAPI/sprites/master/sprites/pokemon/other/official-artwork/984.png
985,우렁찬꼬리,scream-tail,9,1.2,8.0,fairy,psychic,115,65,99,65,115,111,570,50,0,False,False,slow,protosynthesis,https://raw.githubusercontent.com/PokeAPI/sprites/master/sprites/pokemon/other/official-artwork/985.png
986,사나운버섯,brute-bonnet,9,1.2,21.0,grass,dark,111,127,99,79,99,55,570,50,0,False,False,slow,protosynthesis,https://raw.githubusercontent.com/PokeAPI/sprites/master/sprites/pokemon/other/official-artwork/986.png
987,날개치는머리,flutter-mane,9,1.4,4.0,ghost,fairy,55,55,55,135,135,135,570,30,0,False,False,slow,protosynthesis,https://raw.githubusercontent.com/PokeAPI/sprites/master/sprites/pokemon/other/official-artwork/987.png
988,땅을기는날개,slither-wing,9,3.2,92.0,bug,fighting,85,135,79,85,105,81,570,30,0,False,False,slow,protosynthesis,https://raw.githubusercontent.com/PokeAPI/sprites/master/sprites/pokemon/other/official-artwork/988.png
989,모래털가죽,sandy-shocks,9,2.3,60.0,electric,ground,85,81,97,121,85,101,570,30,0,False,False,slow,protosynthesis,https://raw.githubusercontent.com/PokeAPI/sprites/master/sprites/pokemon/other/official-artwork/989.png
990,무쇠바퀴,iron-treads,9,0.9,240.0,ground,steel,90,112,120,72,70,106,570,30,0,False,False,slow,quark-drive,https://raw.githubusercontent.com/PokeAPI/sprites/master/sprites/pokemon/other/official-artwork/990.png
991,무쇠보따리,iron-bundle,9,0.6,11.0,ice,water,56,80,114,124,60,136,570,50,0,False,False,slow,quark-drive,https://raw.githubusercontent.com/PokeAPI/sprites/master/sprites/pokemon/other/official-artwork/991.png
992,무쇠손,iron-hands,9,1.8,380.7,fighting,electric,154,140,108,50,68,50,570,50,0,False,False,slow,quark-drive,https://raw.githubusercontent.com/PokeAPI/sprites/master/sprites/pokemon/other/official-artwork/992.png
993,무쇠머리,iron-jugulis,9,1.3,111.0,dark,flying,94,80,86,122,80,108,570,30,0,False,False,slow,quark-drive,https://raw.githubusercontent.com/PokeAPI/sprites/master/sprites/pokemon/other/official-artwork/993.png
994,무쇠독나방,iron-moth,9,1.2,36.0,fire,poison,80,70,60,140,110,110,570,30,0,False,False,slow,quark-drive,https://raw.githubusercontent.com/PokeAPI/sprites/master/sprites/pokemon/other/official-artwork/994.png
995,무쇠가시,iron-thorns,9,1.6,303.0,rock,electric,100,134,110,70,84,72,570,30,0,False,False,slow,quark-drive,https://raw.githubusercontent.com/PokeAPI/sprites/master/sprites/pokemon/other/official-artwork/995.png
996,드니차,frigibax,9,0.5,17.0,dragon,ice,65,75,45,35,45,55,320,45,50,False,False,slow,"thermal-exchange, ice-body",https://raw.githubusercontent.com/PokeAPI/sprites/master/sprites/pokemon/other/official-artwork/996.png
997,드니꽁,arctibax,9,0.8,30.0,dragon,ice,90,95,66,45,65,62,423,25,50,False,False,slow,"thermal-exchange, ice-body",https://raw.githubusercontent.com/PokeAPI/sprites/master/sprites/pokemon/other/official-artwork/997.png
998,드닐레이브,baxcalibur,9,2.1,210.0,dragon,ice,115,145,92,75,86,87,600,10,50,False,False,slow,"thermal-exchange, ice-body",https://raw.githubusercontent.com/PokeAPI/sprites/master/sprites/pokemon/other/official-artwork/998.png
999,모으령,gimmighoul,9,0.3,5.0,ghost,,45,30,70,75,70,10,300,45,50,False,False,slow,rattled,https://raw.githubusercontent.com/PokeAPI/sprites/master/sprites/pokemon/other/official-artwork/999.png
1000,타부자고,gholdengo,9,1.2,30.0,steel,ghost,87,60,95,133,91,84,550,45,50,False,False,slow,good-as-gold,https://raw.githubusercontent.com/PokeAPI/sprites/master/sprites/pokemon/other/official-artwork/1000.png
1001,총지엔,wo-chien,9,1.5,74.2,dark,grass,85,85,100,95,135,70,570,6,0,True,False,slow,tablets-of-ruin,https://raw.githubusercontent.com/PokeAPI/sprites/master/sprites/pokemon/other/official-artwork/1001.png
1002,파오젠,chien-pao,9,1.9,152.2,dark,ice,80,120,80,90,65,135,570,6,0,True,False,slow,sword-of-ruin,https://raw.githubusercontent.com/PokeAPI/sprites/master/sprites/pokemon/other/official-artwork/1002.png
1003,딩루,ting-lu,9,2.7,699.7,dark,ground,155,110,125,55,80,45,570,6,0,True,False,slow,vessel-of-ruin,https://raw.githubusercontent.com/PokeAPI/sprites/master/sprites/pokemon/other/official-artwork/1003.png
1004,위유이,chi-yu,9,0.4,4.9,dark,fire,55,80,80,135,120,100,570,6,0,True,False,slow,beads-of-ruin,https://raw.githubusercontent.com/PokeAPI/sprites/master/sprites/pokemon/other/official-artwork/1004.png
1005,고동치는달,roaring-moon,9,2.0,380.0,dragon,dark,105,139,71,55,101,119,590,10,0,False,False,slow,protosynthesis,https://raw.githubusercontent.com/PokeAPI/sprites/master/sprites/pokemon/other/official-artwork/1005.png
1006,무쇠무인,iron-valiant,9,1.4,35.0,fairy,fighting,74,130,90,120,60,116,590,10,0,False,False,slow,quark-drive,https://raw.githubusercontent.com/PokeAPI/sprites/master/sprites/pokemon/other/official-artwork/1006.png
1007,코라이돈,koraidon,9,2.5,303.0,fighting,dragon,100,135,115,85,100,135,670,3,0,True,False,slow,orichalcum-pulse,https://raw.githubusercontent.com/PokeAPI/sprites/master/sprites/pokemon/other/official-artwork/1007.png
1008,미라이돈,miraidon,9,3.5,240.0,electric,dragon,100,85,100,135,115,135,670,3,0,True,False,slow,hadron-engine,https://raw.githubusercontent.com/PokeAPI/sprites/master/sprites/pokemon/other/official-artwork/1008.png
1009,굽이치는물결,walking-wake,9,3.5,280.0,water,dragon,99,83,91,125,83,109,590,5,0,False,False,slow,protosynthesis,https://raw.githubusercontent.com/PokeAPI/sprites/master/sprites/pokemon/other/official-artwork/1009.png
1010,무쇠잎새,iron-leaves,9,1.5,125.0,grass,psychic,90,130,88,70,108,104,590,5,0,False,False,slow,quark-drive,https://raw.githubusercontent.com/PokeAPI/sprites/master/sprites/pokemon/other/official-artwork/1010.png
1011,과미르,dipplin,9,0.4,9.7,grass,dragon,80,80,110,95,80,40,485,45,50,False,False,slow,"supersweet-syrup, gluttony, sticky-hold",https://raw.githubusercontent.com/PokeAPI/sprites/master/sprites/pokemon/other/official-artwork/1011.png
1012,차데스,poltchageist,9,0.1,1.1,grass,ghost,40,45,45,74,54,50,308,120,50,False,False,slow,"hospitality, heatproof",https://raw.githubusercontent.com/PokeAPI/sprites/master/sprites/pokemon/other/official-artwork/1012.png
1013,그우린차,sinistcha,9,0.2,2.2,grass,ghost,71,60,106,121,80,70,508,60,50,False,False,slow,"hospitality, heatproof",https://raw.githubusercontent.com/PokeAPI/sprites/master/sprites/pokemon/other/official-artwork/1013.png
1014,조타구,okidogi,9,1.8,92.2,poison,fighting,88,128,115,58,86,80,555,3,0,True,False,slow,"toxic-chain, guard-dog",https://raw.githubusercontent.com/PokeAPI/sprites/master/sprites/pokemon/other/official-artwork/1014.png
1015,이야후,munkidori,9,1.0,12.2,poison,psychic,88,75,66,130,90,106,555,3,0,True,False,slow,"toxic-chain, frisk",https://raw.githubusercontent.com/PokeAPI/sprites/master/sprites/pokemon/other/official-artwork/1015.png
1016,기로치,fezandipiti,9,1.4,30.1,poison,fairy,88,91,82,70,125,99,555,3,0,True,False,slow,"toxic-chain, technician",https://raw.githubusercontent.com/PokeAPI/sprites/master/sprites/pokemon/other/official-artwork/1016.png
1017,오거폰,ogerpon,9,1.2,39.8,grass,,80,120,84,60,96,110,550,5,50,True,False,slow,defiant,https://raw.githubusercontent.com/PokeAPI/sprites/master/sprites/pokemon/other/official-artwork/1017.png
1018,브리두라스,archaludon,9,2.0,60.0,steel,dragon,90,105,130,125,65,85,600,10,50,False,False,medium,"stamina, sturdy, stalwart",https://raw.githubusercontent.com/PokeAPI/sprites/master/sprites/pokemon/other/official-artwork/1018.png
1019,과미드라,hydrapple,9,1.8,93.0,grass,dragon,106,80,110,120,80,44,540,10,50,False,False,slow-then-very-fast,"supersweet-syrup, regenerator, sticky-hold",https://raw.githubusercontent.com/PokeAPI/sprites/master/sprites/pokemon/other/official-artwork/1019.png
1020,꿰뚫는화염,gouging-fire,9,3.5,590.0,fire,dragon,105,115,121,65,93,91,590,10,0,False,False,slow,protosynthesis,https://raw.githubusercontent.com/PokeAPI/sprites/master/sprites/pokemon/other/official-artwork/1020.png
1021,날뛰는우레,raging-bolt,9,5.2,480.0,electric,dragon,125,73,91,137,89,75,590,10,0,False,False,slow,protosynthesis,https://raw.githubusercontent.com/PokeAPI/sprites/master/sprites/pokemon/other/official-artwork/1021.png
1022,무쇠암석,iron-boulder,9,1.5,162.5,rock,psychic,90,120,80,68,108,124,590,10,0,False,False,slow,quark-drive,https://raw.githubusercontent.com/PokeAPI/sprites/master/sprites/pokemon/other/official-artwork/1022.png
1023,무쇠감투,iron-crown,9,1.6,156.0,steel,psychic,90,72,100,122,108,98,590,10,0,False,False,slow,quark-drive,https://raw.githubusercontent.com/PokeAPI/sprites/master/sprites/pokemon/other/official-artwork/1023.png
1024,테라파고스,terapagos,9,0.2,6.5,normal,,90,65,85,65,85,60,450,255,50,True,False,slow,tera-shift,https://raw.githubusercontent.com/PokeAPI/sprites/master/sprites/pokemon/other/official-artwork/1024.png
1025,복숭악동,pecharunt,9,0.3,0.3,poison,ghost,88,88,160,88,88,88,600,3,0,False,True,slow,poison-puppeteer,https://raw.githubusercontent.com/PokeAPI/sprites/master/sprites/pokemon/other/official-artwork/1025.png
